,file_name,id,n_vertices,n_triangles,n_quads,bounding_box,classification,volume,surface_area,bounding_box_ratio,compactness,bounding_box_volume,diameter,eccentricity,angle_three_vertices,barycenter_vertice,two_vertices,square_area_triangle,cube_volume_tetrahedron
0,data\benchmark\db\0\m0\m0.off,0,2552.0,5000.0,0,"[-0.57783794 -0.33249974 -0.3219597   0.54845726 -0.33249974 -0.3219597
  0.54845726 -0.33249974  0.16600263 -0.57783794 -0.33249974  0.16600263
 -0.57783794  0.31734908 -0.3219597   0.54845726  0.31734908 -0.3219597
  0.54845726  0.31734908  0.16600263 -0.57783794  0.31734908  0.16600263]",quadruped,0.01,0.6742678060947941,2.3081600666046143,3065.471426818142,0.3571501672267914,1.1794461047301732,7.880596678193657,[135. 167. 111.  71.  51.  56.  50.  28.  11.   1.],[124. 224. 248. 361. 366. 253. 248. 159.  57.   1.],"[1.135e+03 9.400e+01 2.600e+01 1.000e+01 3.000e+00 2.000e+00 3.000e+00
 1.000e+00 1.000e+00 1.000e+00]",[338. 153. 101.  38.  23.  12.   6.   3.   6.   1.],[ 34.  90.  93. 107.  97.  56.  22.   6.   5.   1.]
1,data\benchmark\db\0\m1\m1.off,1,2579.0,5000.0,0,"[-0.5583221  -0.21675937 -0.1893307   0.45389652 -0.21675937 -0.1893307
  0.45389652 -0.21675937  0.15708162 -0.5583221  -0.21675937  0.15708162
 -0.5583221   0.21185802 -0.1893307   0.45389652  0.21185802 -0.1893307
  0.45389652  0.21185802  0.15708162 -0.5583221   0.21185802  0.15708162]",quadruped,0.012971896961002032,0.5057753554503504,2.9220054149627686,768.8931844724297,0.1502925306558609,1.0274885820836457,5.393559180305456,[155. 144.  90.  59.  71.  53.  59.  39.  17.   1.],[274. 255. 534. 328. 345.  92. 101.  65.  68.   1.],"[1.208e+03 6.200e+01 1.300e+01 2.000e+00 3.000e+00 0.000e+00 0.000e+00
 0.000e+00 0.000e+00 1.000e+00]",[305. 160. 104.  64.  33.  11.   7.   3.   0.   1.],[ 40.  91. 119. 113.  68.  48.  26.   7.   3.   1.]
2,data\benchmark\db\0\m10\m10.off,10,2550.0,4999.0,0,"[-0.46172124 -0.46838734 -0.09218971  0.5366256  -0.46838734 -0.09218971
  0.5366256  -0.46838734  0.10035712 -0.46172124 -0.46838734  0.10035712
 -0.46172124  0.49870074 -0.09218971  0.5366256   0.49870074 -0.09218971
  0.5366256   0.49870074  0.10035712 -0.46172124  0.49870074  0.10035712]",quadruped,0.01,0.9898052912532684,5.1849565505981445,9697.266104617467,0.18590191006660461,1.1652986978755595,4.676728322164253,[174. 126.  93.  76.  55.  49.  42.  53.  11.   1.],[909. 144. 127. 250.  68. 222. 210.  34.  75.   1.],"[1.213e+03 3.800e+01 1.500e+01 5.000e+00 0.000e+00 2.000e+00 1.000e+00
 0.000e+00 0.000e+00 1.000e+00]",[447. 118.  58.  28.  13.   4.   8.   2.   1.   1.],[112. 128. 109.  57.  33.  26.  23.  18.   3.   1.]
3,data\benchmark\db\0\m11\m11.off,11,2521.0,4999.0,0,"[-0.44211394 -0.24522008 -0.03901976  0.5684204  -0.24522008 -0.03901976
  0.5684204  -0.24522008  0.03833411 -0.44211394 -0.24522008  0.03833411
 -0.44211394  0.27776346 -0.03901976  0.5684204   0.27776346 -0.03901976
  0.5684204   0.27776346  0.03833411 -0.44211394  0.27776346  0.03833411]",quadruped,0.01,0.5671508036047334,13.063785552978516,1824.2974678735386,0.0408809594810009,1.0126344406159553,6.1519642634062714,[172. 111.  95.  76.  57.  49.  41.  43.  27.   1.],[191. 352. 256. 291. 368. 227. 176.  91.  63.   1.],"[1.007e+03 1.250e+02 5.200e+01 2.600e+01 1.800e+01 1.200e+01 7.000e+00
 7.000e+00 5.000e+00 1.000e+00]",[296. 168.  92.  56.  35.  12.   4.   7.   2.   1.],[ 26. 112. 153. 113.  52.  28.  13.   6.   1.   1.]
4,data\benchmark\db\0\m12\m12.off,12,2516.0,5000.0,0,"[-0.49557537 -0.31468484 -0.14945023  0.50348806 -0.31468484 -0.14945023
  0.50348806 -0.31468484  0.23704943 -0.49557537 -0.31468484  0.23704943
 -0.49557537  0.26432732 -0.14945023  0.50348806  0.26432732 -0.14945023
  0.50348806  0.26432732  0.23704943 -0.49557537  0.26432732  0.23704943]",quadruped,0.01,0.5332427400179005,2.5849013328552246,1516.2641053856225,0.22357839345932007,1.0039518288134417,4.826813413100794,[128. 150. 122.  69.  69.  64.  40.  19.   9.   1.],[ 49. 387. 684. 115. 131. 225. 171. 144. 105.   1.],[939. 206.  47.  38.   6.  11.   3.   6.   1.   1.],[332. 153.  85.  44.  29.  12.   8.   7.   0.   1.],[ 21.  80.  94. 115.  86.  52.  33.  14.   8.   1.]
5,data\benchmark\db\0\m13\m13.off,13,2279.0,4998.0,0,"[-0.5075251  -0.21340337 -0.11794394  0.48791826 -0.21340337 -0.11794394
  0.48791826 -0.21340337  0.05797644 -0.5075251  -0.21340337  0.05797644
 -0.5075251   0.3637527  -0.11794394  0.48791826  0.3637527  -0.11794394
  0.48791826  0.3637527   0.05797644 -0.5075251   0.3637527   0.05797644]",quadruped,0.019742489034029264,0.3477424697110183,5.658487796783447,107.88706827255564,0.10107086598873138,1.0007497533779217,1.7100532526843175,[136. 118.  80.  75.  72.  49.  42.  23.  12.   1.],[417. 632. 271. 210.  85.  81.  73.  36.  17.   1.],"[1.009e+03 9.700e+01 1.700e+01 8.000e+00 1.000e+00 1.000e+00 0.000e+00
 2.000e+00 3.000e+00 1.000e+00]",[467.  63.  31.  20.  11.   7.   3.   3.   2.   1.],[ 51. 120. 108.  72.  55.  22.  17.   8.   2.   1.]
6,data\benchmark\db\0\m14\m14.off,14,2552.0,5000.0,0,"[-0.38799423 -0.48325104 -0.19419935  0.35080114 -0.48325104 -0.19419935
  0.35080114 -0.48325104  0.09449264 -0.38799423 -0.48325104  0.09449264
 -0.38799423  0.49016005 -0.19419935  0.35080114  0.49016005 -0.19419935
  0.35080114  0.49016005  0.09449264 -0.38799423  0.49016005  0.09449264]",quadruped,0.01,0.5064175687486606,3.371798038482666,1298.752186532407,0.20761331915855408,1.0620511775757275,2.401027952756802,[113. 151.  94.  95.  78.  58.  42.  31.  18.   1.],[269. 814. 378. 289. 176.  87.  10.  10.   7.   1.],[931. 311.  11.  10.   4.   1.   5.   2.   0.   1.],[507. 123.  27.   9.   4.   5.   4.   0.   1.   1.],[ 52. 112. 130.  97.  65.  28.  10.  12.   4.   1.]
7,data\benchmark\db\0\m15\m15.off,15,2506.0,4999.0,0,"[-0.5128984  -0.28121388 -0.03516707  0.5621524  -0.28121388 -0.03516707
  0.5621524  -0.28121388  0.04412042 -0.5128984  -0.28121388  0.04412042
 -0.5128984   0.28708556 -0.03516707  0.5621524   0.28708556 -0.03516707
  0.5621524   0.28708556  0.04412042 -0.5128984   0.28708556  0.04412042]",quadruped,0.01,0.6457218241090862,13.5588960647583,2692.380241941758,0.048440754413604736,1.0750696472065215,4.401366674917802,[154. 109.  86.  72.  57.  70.  50.  43.  26.   1.],[273. 459. 349. 126. 294. 288.  92.  71.  51.   1.],"[1.058e+03 8.300e+01 5.500e+01 2.400e+01 2.000e+01 7.000e+00 2.000e+00
 3.000e+00 0.000e+00 1.000e+00]",[326. 149.  82.  47.  30.  19.  11.   3.   1.   1.],[ 27.  80. 111. 102.  82.  53.  32.  10.   4.   1.]
8,data\benchmark\db\0\m16\m16.off,16,2584.0,4998.0,0,"[-0.42935064 -0.36333597 -0.0866286   0.57683885 -0.36333597 -0.0866286
  0.57683885 -0.36333597  0.15506105 -0.42935064 -0.36333597  0.15506105
 -0.42935064  0.36681733 -0.0866286   0.57683885  0.36681733 -0.0866286
  0.57683885  0.36681733  0.15506105 -0.42935064  0.36681733  0.15506105]",quadruped,0.01,0.3544487904063849,4.163146495819092,445.3079984651598,0.17756277322769165,1.132980434000569,2.00994246019627,[122. 155. 116.  71.  71.  65.  37.  34.  17.   1.],[508. 784. 198. 326. 133.  43.  41.  18.  15.   1.],[917. 173.  78.  77.  29.   7.   3.   3.   4.   1.],[534.  97.  34.  16.   5.   1.   1.   1.   0.   1.],[108. 183. 132.  60.  23.   9.   1.   0.   0.   1.]
9,data\benchmark\db\0\m17\m17.off,17,2558.0,5000.0,0,"[-0.49930173 -0.3256932  -0.22932228  0.5006961  -0.3256932  -0.22932228
  0.5006961  -0.3256932   0.12109479 -0.49930173 -0.3256932   0.12109479
 -0.49930173  0.32368755 -0.22932228  0.5006961   0.32368755 -0.22932228
  0.5006961   0.32368755  0.12109479 -0.49930173  0.32368755  0.12109479]",quadruped,0.01,0.33950381527768164,2.853736162185669,391.32174139403907,0.2275536209344864,1.020677673337899,4.265543668824617,[125. 114. 119.  99.  75.  51.  55.  30.  13.   1.],"[7.200e+01 4.610e+02 2.060e+02 4.000e+00 1.175e+03 0.000e+00 6.900e+01
 0.000e+00 5.800e+01 1.000e+00]","[1.039e+03 1.600e+02 0.000e+00 7.500e+01 0.000e+00 0.000e+00 0.000e+00
 0.000e+00 4.000e+00 1.000e+00]",[418. 153.  71.  26.  12.   1.   1.   0.   0.   1.],[ 61. 100.  90.  65.  62.  62.  37.  29.   5.   1.]
10,data\benchmark\db\0\m18\m18.off,18,2587.0,4998.0,0,"[-0.49175477 -0.38630417 -0.2199884   0.5101261  -0.38630417 -0.2199884
  0.5101261  -0.38630417  0.20395342 -0.49175477 -0.38630417  0.20395342
 -0.49175477  0.42399016 -0.2199884   0.5101261   0.42399016 -0.2199884
  0.5101261   0.42399016  0.20395342 -0.49175477  0.42399016  0.20395342]",quadruped,0.01,0.43634417921199387,2.363250970840454,830.7829226002439,0.34416377544403076,1.02839988782009,7.839147890819131,[131. 143. 101.  97.  78.  47.  44.  32.  16.   1.],[236. 332. 137. 148. 158. 157.  88. 305. 507.   1.],"[1.282e+03 6.000e+00 0.000e+00 0.000e+00 0.000e+00 0.000e+00 0.000e+00
 0.000e+00 4.000e+00 1.000e+00]",[347. 151.  73.  64.  23.  12.  15.   3.   1.   1.],[ 34.  87. 116.  96.  81.  55.  26.  20.   2.   1.]
11,data\benchmark\db\0\m19\m19.off,19,3148.0,5000.0,0,"[-0.49726266 -0.32461345 -0.21078916  0.5026814  -0.32461345 -0.21078916
  0.5026814  -0.32461345  0.14402758 -0.49726266 -0.32461345  0.14402758
 -0.49726266  0.32633913 -0.21078916  0.5026814   0.32633913 -0.21078916
  0.5026814   0.32633913  0.14402758 -0.49726266  0.32633913  0.14402758]",quadruped,0.01,0.7386588558303675,2.8181986808776855,4030.2475898811294,0.23095594346523285,1.018900735652633,6.174924319759593,[133. 206. 129.  98.  87.  87.  57.  28.  14.   1.],[107. 247. 277. 184. 892. 396.   9. 122. 283.   1.],"[1.424e+03 5.900e+01 2.000e+01 3.800e+01 2.400e+01 2.000e+00 5.000e+00
 1.000e+00 0.000e+00 1.000e+00]",[406. 207. 116.  67.  25.  10.   5.   2.   1.   1.],[ 24. 105. 135. 131. 100.  79.  39.  13.   3.   1.]
12,data\benchmark\db\0\m2\m2.off,2,2654.0,4999.0,0,"[-0.5793338  -0.31571743 -0.29405087  0.53118795 -0.31571743 -0.29405087
  0.53118795 -0.31571743  0.16189696 -0.5793338  -0.31571743  0.16189696
 -0.5793338   0.3071659  -0.29405087  0.53118795  0.3071659  -0.29405087
  0.53118795  0.3071659   0.16189696 -0.5793338   0.3071659   0.16189696]",quadruped,0.01,0.6383701223327723,2.435633420944214,2601.4630247506207,0.3153907358646393,1.1640751513590317,7.469049561957688,[154. 156. 106.  76.  65.  51.  49.  31.  19.   1.],[165. 264. 393. 345. 225. 309. 261. 111.  49.   1.],"[1.051e+03 1.260e+02 9.100e+01 3.600e+01 1.500e+01 4.000e+00 3.000e+00
 0.000e+00 0.000e+00 1.000e+00]",[402. 169.  77.  28.  16.   6.   6.   1.   2.   1.],[ 40.  99. 108. 113.  75.  50.  30.   9.   6.   1.]
13,data\benchmark\db\0\m20\m20.off,20,2602.0,5000.0,0,"[-0.5098079  -0.4719559  -0.23957984  0.54887336 -0.4719559  -0.23957984
  0.54887336 -0.4719559   0.19461365 -0.5098079  -0.4719559   0.19461365
 -0.5098079   0.5552639  -0.23957984  0.54887336  0.5552639  -0.23957984
  0.54887336  0.5552639   0.19461365 -0.5098079   0.5552639   0.19461365]",quadruped,0.013858526101611823,0.8706980414990998,2.4382705688476562,3436.9135989554607,0.4721846878528595,1.1490830221220432,2.7058977532032555,[103. 148. 121. 101.  82.  68.  39.  19.  12.   1.],[244. 898. 140. 376.  79.  37. 207.  27.  72.   1.],"[1.237e+03 4.600e+01 8.000e+00 7.000e+00 1.000e+00 0.000e+00 0.000e+00
 1.000e+00 0.000e+00 1.000e+00]",[555.  87.  32.  10.   4.   4.   1.   0.   0.   1.],[ 56. 135. 122.  80.  57.  44.  17.   9.   0.   1.]
14,data\benchmark\db\0\m21\m21.off,21,2520.0,4999.0,0,"[-0.57321596 -0.49776226 -0.37781295  0.5373235  -0.49776226 -0.37781295
  0.5373235  -0.49776226  0.25131333 -0.57321596 -0.49776226  0.25131333
 -0.57321596  0.56540906 -0.37781295  0.5373235   0.56540906 -0.37781295
  0.5373235   0.56540906  0.25131333 -0.57321596  0.56540906  0.25131333]",quadruped,0.025666923348591712,0.9731180848968276,1.7652089595794678,1398.778679401723,0.7428054809570312,1.2397995712126737,3.2050263951334443,[110. 115. 145. 107.  66.  51.  44.  24.   9.   1.],[231. 466. 390. 314. 314. 202.  79.  15.   4.   1.],[959. 162.  62.  31.  14.  17.   5.   4.   5.   1.],[402. 152.  67.  23.  14.   5.   5.   2.   1.   1.],[ 52. 124. 128. 105.  65.  21.   8.   0.   0.   1.]
15,data\benchmark\db\0\m22\m22.off,22,2523.0,5000.0,0,"[-0.25478175 -0.59319437 -0.33906737  0.6801375  -0.59319437 -0.33906737
  0.6801375  -0.59319437  0.2538271  -0.25478175 -0.59319437  0.2538271
 -0.25478175  0.39551702 -0.33906737  0.6801375   0.39551702 -0.33906737
  0.6801375   0.39551702  0.2538271  -0.25478175  0.39551702  0.2538271 ]",quadruped,0.027931961237998,0.9567747134823615,1.6676009893417358,1122.603017429989,0.5480510592460632,1.0401505689833455,2.8847723725895005,[168.  95.  87.  85.  80.  50.  49.  38.  20.   1.],"[1.415e+03 1.040e+02 1.110e+02 8.000e+01 9.100e+01 7.300e+01 7.300e+01
 5.400e+01 1.600e+01 1.000e+00]","[1.159e+03 5.500e+01 3.300e+01 7.000e+00 0.000e+00 4.000e+00 0.000e+00
 2.000e+00 0.000e+00 1.000e+00]",[527.  75.  29.  15.  16.   4.   2.   2.   2.   1.],[188. 161.  77.  35.  21.  16.   6.   0.   0.   1.]
16,data\benchmark\db\0\m23\m23.off,23,2524.0,5000.0,0,"[-0.60252166 -0.2404696  -0.23348874  0.37895048 -0.2404696  -0.23348874
  0.37895048 -0.2404696   0.15749654 -0.60252166 -0.2404696   0.15749654
 -0.60252166  0.23340967 -0.23348874  0.37895048  0.23340967 -0.23348874
  0.37895048  0.23340967  0.15749654 -0.60252166  0.23340967  0.15749654]",quadruped,0.012045997251260212,0.5153097854300477,2.510253429412842,943.0172761973895,0.1818469762802124,1.0459763917254805,4.400709392378089,[116. 120. 119.  98.  75.  65.  42.  26.  11.   1.],[248. 542. 549. 312. 147.  24.  93.  35.  68.   1.],"[1.055e+03 1.300e+02 3.500e+01 1.500e+01 1.000e+01 6.000e+00 4.000e+00
 4.000e+00 2.000e+00 1.000e+00]",[423. 137.  64.  24.   9.   7.   6.   2.   1.   1.],[ 21.  70.  82. 113. 101.  62.  35.  15.   5.   1.]
17,data\benchmark\db\0\m24\m24.off,24,2524.0,4999.0,0,"[-0.516829   -0.42071664 -0.2397839   0.49844533 -0.42071664 -0.2397839
  0.49844533 -0.42071664  0.19444036 -0.516829   -0.42071664  0.19444036
 -0.516829    0.50678945 -0.2397839   0.49844533  0.50678945 -0.2397839
  0.49844533  0.50678945  0.19444036 -0.516829    0.50678945  0.19444036]",quadruped,0.030956622118544313,1.0440953738548748,2.3381335735321045,1187.718121717035,0.4088972806930542,1.0454990586865602,6.0569686739134045,[145. 170.  89.  78.  59.  40.  38.  41.  12.   1.],[271. 285. 258. 249. 263. 209. 198. 237.  48.   1.],"[1.077e+03 1.200e+02 5.100e+01 3.000e+00 5.000e+00 3.000e+00 2.000e+00
 0.000e+00 0.000e+00 1.000e+00]",[375. 156.  87.  29.  17.   3.   4.   2.   0.   1.],[ 36. 112. 113. 113.  52.  42.  23.  10.   3.   1.]
18,data\benchmark\db\0\m25\m25.off,25,2501.0,4998.0,0,"[-0.46251073 -0.4207778  -0.3578638   0.5570446  -0.4207778  -0.3578638
  0.5570446  -0.4207778   0.2192066  -0.46251073 -0.4207778   0.2192066
 -0.46251073  0.4127691  -0.3578638   0.5570446   0.4127691  -0.3578638
  0.5570446   0.4127691   0.2192066  -0.46251073  0.4127691   0.2192066 ]",quadruped,0.01,0.3723096187677867,1.7667779922485352,516.0749386434541,0.4904216527938843,1.201284409090977,2.539468348902145,[127. 120. 135.  93.  77.  53.  34.  21.   6.   1.],[600. 533. 366. 218.  76. 125.  16.  64.   1.   1.],"[1.042e+03 9.400e+01 5.800e+01 3.200e+01 1.800e+01 2.000e+00 2.000e+00
 1.000e+00 0.000e+00 1.000e+00]",[548.  78.  24.  12.   4.   0.   0.   0.   0.   1.],[ 66. 125. 106.  76.  52.  35.  23.  12.   5.   1.]
19,data\benchmark\db\0\m26\m26.off,26,2620.0,5000.0,0,"[-0.53388304 -0.43850797 -0.21172783  0.4963205  -0.43850797 -0.21172783
  0.4963205  -0.43850797  0.1638461  -0.53388304 -0.43850797  0.1638461
 -0.53388304  0.4463923  -0.21172783  0.4963205   0.4463923  -0.21172783
  0.4963205   0.4463923   0.1638461  -0.53388304  0.4463923   0.1638461 ]",quadruped,0.01213843756784687,0.7078822946934645,2.743011474609375,2407.4516417525815,0.3423835039138794,1.0746683661047978,5.324696881995478,[100. 164. 128.  98.  83.  54.  42.  20.   9.   1.],[ 48. 258. 336. 446. 354. 125. 181. 307.  40.   1.],"[1.257e+03 2.800e+01 9.000e+00 6.000e+00 7.000e+00 1.000e+00 0.000e+00
 1.000e+00 0.000e+00 1.000e+00]",[335. 158. 110.  50.  25.  12.   6.   2.   0.   1.],[ 22.  62.  85. 108.  93.  72.  51.  22.   8.   1.]
20,data\benchmark\db\0\m27\m27.off,27,8131.0,4999.0,0,"[-0.4552663  -0.4672347  -0.6875692   0.44247437 -0.4672347  -0.6875692
  0.44247437 -0.4672347   0.5301068  -0.4552663  -0.4672347   0.5301068
 -0.4552663   0.48045203 -0.6875692   0.44247437  0.48045203 -0.6875692
  0.44247437  0.48045203  0.5301068  -0.4552663   0.48045203  0.5301068 ]",quadruped,0.11025364790804415,3.893068668852613,1.3563783168792725,4853.893657345149,1.0359705686569214,1.3482837478676908,3.1963585666663974,[0. 0. 0. 0. 0. 0. 0. 0. 0. 4.],"[1.028e+03 1.702e+03 1.968e+03 7.880e+02 3.560e+02 2.270e+02 1.950e+02
 1.840e+02 5.500e+01 1.000e+00]","[3.618e+03 2.430e+02 1.000e+02 4.400e+01 1.700e+01 1.500e+01 1.000e+01
 1.100e+01 6.000e+00 1.000e+00]","[1.23e+03 4.82e+02 2.60e+02 1.01e+02 4.80e+01 3.10e+01 7.00e+00 3.00e+00
 6.00e+00 1.00e+00]",[ 48. 208. 358. 418. 308. 187.  75.  18.   6.   1.]
21,data\benchmark\db\0\m28\m28.off,28,2570.0,4999.0,0,"[-0.52217287 -0.25337604 -0.23774973  0.56163055 -0.25337604 -0.23774973
  0.56163055 -0.25337604  0.22310111 -0.52217287 -0.25337604  0.22310111
 -0.52217287  0.29988697 -0.23774973  0.56163055  0.29988697 -0.23774973
  0.56163055  0.29988697  0.22310111 -0.52217287  0.29988697  0.22310111]",quadruped,0.03191649820190059,1.1468783881731526,2.3517444133758545,1480.886028171013,0.27633920311927795,1.0946598717156193,6.165403618327428,[104. 150. 128.  84.  77.  53.  55.  22.  12.   1.],[193. 406. 309. 311. 337. 101. 106. 138. 154.   1.],"[1.054e+03 1.390e+02 4.000e+01 3.500e+01 1.400e+01 0.000e+00 0.000e+00
 1.000e+00 1.000e+00 1.000e+00]",[391. 126.  83.  47.  25.   8.   4.   1.   0.   1.],[ 36.  79.  93. 103.  78.  57.  32.  29.   6.   1.]
22,data\benchmark\db\0\m29\m29.off,29,2312.0,4549.0,0,"[-0.8388265  -0.3884516  -0.17843746  0.44918388 -0.3884516  -0.17843746
  0.44918388 -0.3884516   0.16954802 -0.8388265  -0.3884516   0.16954802
 -0.8388265   0.22423303 -0.17843746  0.44918388  0.22423303 -0.17843746
  0.44918388  0.22423303  0.16954802 -0.8388265   0.22423303  0.16954802]",quadruped,0.02687253828516757,0.7886691423001606,3.70133376121521,679.3086830909931,0.274610698223114,1.3368174812021711,5.82467530082032,[108. 113.  99.  77.  92.  56.  37.  20.  14.   1.],[176. 855. 373. 382.  34.  15.   0.   0.  13.   1.],"[1.1e+03 3.1e+01 1.3e+01 4.0e+00 3.0e+00 4.0e+00 0.0e+00 0.0e+00 0.0e+00
 1.0e+00]",[365. 104.  64.  34.  18.  20.   8.   2.   1.   1.],[36. 81. 81. 87. 70. 42. 38. 21.  6.  1.]
23,data\benchmark\db\0\m3\m3.off,3,2537.0,5000.0,0,"[-0.49177685 -0.5272943  -0.29341283  0.4568357  -0.5272943  -0.29341283
  0.4568357  -0.5272943   0.30260062 -0.49177685 -0.5272943   0.30260062
 -0.49177685  0.48476416 -0.29341283  0.4568357   0.48476416 -0.29341283
  0.4568357   0.48476416  0.30260062 -0.49177685  0.48476416  0.30260062]",quadruped,0.011048984019582568,0.7093576323349196,1.6980464458465576,2923.822789002505,0.572203516960144,1.0633227799893707,5.816015982841164,[132. 153. 106.  92.  44.  61.  43.  29.  16.   1.],[ 76. 168. 287. 409. 334. 247. 258. 192.  57.   1.],"[1.153e+03 9.600e+01 1.200e+01 3.000e+00 2.000e+00 1.000e+00 0.000e+00
 0.000e+00 0.000e+00 1.000e+00]",[292. 159. 105.  43.  31.  16.  21.   6.   3.   1.],[ 35.  75. 125.  98.  81.  60.  21.  10.   2.   1.]
24,data\benchmark\db\0\m30\m30.off,30,2423.0,4999.0,0,"[-0.6645527  -0.26618212 -0.18096478  0.3692056  -0.26618212 -0.18096478
  0.3692056  -0.26618212  0.17065318 -0.6645527  -0.26618212  0.17065318
 -0.6645527   0.18242905 -0.18096478  0.3692056   0.18242905 -0.18096478
  0.3692056   0.18242905  0.17065318 -0.6645527   0.18242905  0.17065318]",quadruped,0.01,0.6325789068055596,2.9400041103363037,2531.302914220601,0.16306476294994354,1.0695324136218811,4.320833507503497,[126. 143.  98.  78.  60.  54.  40.  31.  15.   1.],[209. 637. 764. 205.  59.   8.  11.  19.  25.   1.],"[1.084e+03 1.000e+02 1.300e+01 3.000e+00 7.000e+00 1.000e+00 1.000e+00
 1.000e+00 0.000e+00 1.000e+00]",[417. 124.  51.  28.  12.   7.   4.   3.   0.   1.],[ 25. 103. 123.  95.  68.  47.  16.   3.   4.   1.]
25,data\benchmark\db\0\m31\m31.off,31,2525.0,4999.0,0,"[-0.47431326 -0.2555637  -0.27086866  0.51795006 -0.2555637  -0.27086866
  0.51795006 -0.2555637   0.19016331 -0.47431326 -0.2555637   0.19016331
 -0.47431326  0.24364129 -0.27086866  0.51795006  0.24364129 -0.27086866
  0.51795006  0.24364129  0.19016331 -0.47431326  0.24364129  0.19016331]",quadruped,0.06119094113198524,1.0894604588267498,2.152265787124634,345.35054983686274,0.2283688634634018,1.057560323603057,10.54571537284712,[126. 139.  99.  83.  77.  65.  43.  26.  15.   1.],[108. 160. 221. 261. 291. 278. 282. 375.  43.   1.],"[1.18e+03 6.20e+01 1.30e+01 2.00e+00 1.00e+00 2.00e+00 1.00e+00 0.00e+00
 0.00e+00 1.00e+00]",[256. 166.  95.  56.  44.  35.  15.   5.   1.   1.],[ 25.  40.  72.  95. 100.  89.  55.  21.   7.   1.]
26,data\benchmark\db\0\m32\m32.off,32,2508.0,5000.0,0,"[-0.6891156  -0.16481632 -0.18044956  0.46476    -0.16481632 -0.18044956
  0.46476    -0.16481632  0.18880521 -0.6891156  -0.16481632  0.18880521
 -0.6891156   0.37638983 -0.18044956  0.46476     0.37638983 -0.18044956
  0.46476     0.37638983  0.18880521 -0.6891156   0.37638983  0.18880521]",quadruped,0.031047373005080883,0.7539759693245597,3.1248764991760254,444.65460478709906,0.23059388995170593,1.1618970170003637,8.609953326915956,[135. 146. 100.  78.  77.  63.  47.  10.  12.   1.],[412. 308. 283. 445. 400.  47.  38.  36.  36.   1.],"[1.119e+03 7.200e+01 3.000e+01 2.200e+01 4.000e+00 2.000e+00 3.000e+00
 0.000e+00 1.000e+00 1.000e+00]",[397. 146.  65.  25.  16.   7.   6.   5.   1.   1.],[ 47.  65.  84. 105.  84.  71.  28.  12.   5.   1.]
27,data\benchmark\db\0\m33\m33.off,33,2562.0,5000.0,0,"[-0.3003569  -0.5880616  -0.2751401   0.48385036 -0.5880616  -0.2751401
  0.48385036 -0.5880616   0.2705102  -0.3003569  -0.5880616   0.2705102
 -0.3003569   0.26740554 -0.2751401   0.48385036  0.26740554 -0.2751401
  0.48385036  0.26740554  0.2705102  -0.3003569   0.26740554  0.2705102 ]",quadruped,0.03917404884060534,1.4055686177556022,1.567793607711792,1809.5026993279669,0.3660568594932556,1.0400328908877556,4.418152361318036,[ 94. 145. 124. 102.  80.  69.  31.  27.  10.   1.],[ 93. 218. 365. 773. 321. 177.  97.   0.   4.   1.],"[1.118e+03 7.500e+01 3.200e+01 2.600e+01 4.000e+00 9.000e+00 6.000e+00
 8.000e+00 2.000e+00 1.000e+00]",[339. 165.  73.  50.  29.  15.   7.   4.   1.   1.],[ 19.  57. 104. 103.  92.  73.  41.  17.   6.   1.]
28,data\benchmark\db\0\m34\m34.off,34,2502.0,5000.0,0,"[-0.5006602  -0.2720655  -0.12667903  0.49936408 -0.2720655  -0.12667903
  0.49936408 -0.2720655   0.11108799 -0.5006602  -0.2720655   0.11108799
 -0.5006602   0.27571043 -0.12667903  0.49936408  0.27571043 -0.12667903
  0.49936408  0.27571043  0.11108799 -0.5006602   0.27571043  0.11108799]",quadruped,0.01,0.381443267914646,4.205899715423584,554.9960131237558,0.13024620711803436,1.0001304306997472,4.4737008261186295,[143. 131. 108.  85.  62.  46.  43.  32.  16.   1.],[240. 507. 338. 259. 180. 126. 157. 140.  53.   1.],"[1.078e+03 4.400e+01 6.700e+01 3.600e+01 1.700e+01 2.000e+00 0.000e+00
 0.000e+00 6.000e+00 1.000e+00]",[342. 150.  65.  47.  31.  20.   9.   3.   0.   1.],[ 46. 109. 140. 101.  62.  22.  11.   8.   1.   1.]
29,data\benchmark\db\0\m35\m35.off,35,2502.0,5000.0,0,"[-0.34338355 -0.4251672  -0.2790268   0.46899825 -0.4251672  -0.2790268
  0.46899825 -0.4251672   0.3127221  -0.34338355 -0.4251672   0.3127221
 -0.34338355  0.4968496  -0.2790268   0.46899825  0.4968496  -0.2790268
  0.46899825  0.4968496   0.3127221  -0.34338355  0.4968496   0.3127221 ]",quadruped,0.0650860373106529,1.4950059935815008,1.558121681213379,788.7750043362895,0.4432374835014343,1.001161197051936,2.2735370605235943,[ 96. 124. 139. 131.  80.  50.  26.  12.   8.   1.],[ 15. 124. 221. 285. 439. 480. 255. 136.  45.   1.],"[1.008e+03 1.910e+02 2.000e+01 1.200e+01 1.100e+01 2.000e+00 4.000e+00
 0.000e+00 2.000e+00 1.000e+00]",[291. 144. 102.  54.  38.  23.   5.   6.   4.   1.],[ 30.  59. 127. 107.  74.  59.  31.  10.   3.   1.]
30,data\benchmark\db\0\m36\m36.off,36,2537.0,4999.0,0,"[-0.3758131  -0.57607794 -0.6646756   0.3991812  -0.57607794 -0.6646756
  0.3991812  -0.57607794  0.21074775 -0.3758131  -0.57607794  0.21074775
 -0.3758131   0.38772452 -0.6646756   0.3991812   0.38772452 -0.6646756
  0.3991812   0.38772452  0.21074775 -0.3758131   0.38772452  0.21074775]",quadruped,0.02508543047931837,1.160850898120018,1.243625283241272,2485.9146220178163,0.6538898944854736,1.0384362189076772,6.610083218550866,[118. 126.  83. 132. 105.  45.  34.  23.  10.   1.],[ 39. 106. 956. 861.  64.   0.   0.   2.   0.   1.],"[1.226e+03 3.000e+01 7.000e+00 1.000e+00 0.000e+00 1.000e+00 1.000e+00
 0.000e+00 1.000e+00 1.000e+00]",[362.  84.  84.  85.  59.   2.   0.   0.   0.   1.],[45. 87. 92. 82. 80. 59. 35. 20.  7.  1.]
31,data\benchmark\db\0\m37\m37.off,37,2502.0,5000.0,0,"[-0.49766135 -0.43984514 -0.18590349  0.5010797  -0.43984514 -0.18590349
  0.5010797  -0.43984514  0.21379207 -0.49766135 -0.43984514  0.21379207
 -0.49766135  0.31552067 -0.18590349  0.5010797   0.31552067 -0.18590349
  0.5010797   0.31552067  0.21379207 -0.49766135  0.31552067  0.21379207]",quadruped,0.01,0.7224416315269665,2.4987542629241943,3770.581168860313,0.30153629183769226,0.9988535590044755,4.204175363386411,[117. 135. 120.  84.  79.  52.  34.  27.  18.   1.],[ 75. 275. 504. 328. 244. 190. 223.  63.  98.   1.],"[1.019e+03 1.040e+02 7.100e+01 2.700e+01 1.600e+01 6.000e+00 6.000e+00
 1.000e+00 0.000e+00 1.000e+00]",[334. 163.  83.  45.  21.  17.   2.   2.   0.   1.],[ 46. 139. 137.  79.  51.  20.  16.  10.   2.   1.]
32,data\benchmark\db\0\m38\m38.off,38,2500.0,5000.0,0,"[-0.49828473 -0.20753787 -0.06394052  0.49954924 -0.20753787 -0.06394052
  0.49954924 -0.20753787  0.07218072 -0.49828473 -0.20753787  0.07218072
 -0.49828473  0.13599706 -0.06394052  0.49954924  0.13599706 -0.06394052
  0.49954924  0.13599706  0.07218072 -0.49828473  0.13599706  0.07218072]",quadruped,0.01,0.26458592055167307,7.330479145050049,185.22525053347593,0.04666111618280411,0.9978401498341773,2.3661463656292336,[156. 115.  98.  83.  77.  47.  43.  37.  10.   1.],[769. 767. 141.  47.  31.  63.  45.  65.  71.   1.],"[1.183e+03 5.000e+01 1.200e+01 0.000e+00 2.000e+00 1.000e+00 1.000e+00
 0.000e+00 0.000e+00 1.000e+00]",[410. 102.  39.  38.  25.  23.  13.   9.   7.   1.],[ 71. 118. 108.  76.  60.  42.  14.   8.   2.   1.]
33,data\benchmark\db\0\m39\m39.off,39,2553.0,4999.0,0,"[-0.31870663 -0.49968958 -0.12678078  0.5814613  -0.49968958 -0.12678078
  0.5814613  -0.49968958  0.09161353 -0.31870663 -0.49968958  0.09161353
 -0.31870663  0.5003254  -0.12678078  0.5814613   0.5003254  -0.12678078
  0.5814613   0.5003254   0.09161353 -0.31870663  0.5003254   0.09161353]",quadruped,0.01,0.6516627905951721,4.578942775726318,2767.3798317828328,0.1965945065021515,1.000517399863554,5.001534768052694,[197. 141.  80.  64.  38.  48.  45.  51.  16.   1.],[165. 489. 365. 356. 398. 108.  79.  37.  44.   1.],"[1.198e+03 4.800e+01 2.000e+01 5.000e+00 1.000e+00 1.000e+00 0.000e+00
 2.000e+00 0.000e+00 1.000e+00]",[491. 103.  40.  17.   9.   9.   4.   6.   1.   1.],[ 45. 122. 165.  97.  59.  11.   9.   1.   1.   1.]
34,data\benchmark\db\0\m4\m4.off,4,2722.0,4999.0,0,"[-0.47747773 -0.29709992 -0.2112042   0.5600941  -0.29709992 -0.2112042
  0.5600941  -0.29709992  0.11305058 -0.47747773 -0.29709992  0.11305058
 -0.47747773  0.26056364 -0.2112042   0.5600941   0.26056364 -0.2112042
  0.5600941   0.26056364  0.11305058 -0.47747773  0.26056364  0.11305058]",quadruped,0.01,0.40121052643591276,3.19986629486084,645.8281291221484,0.18761901557445526,1.0655943744722716,5.332135142971787,[142. 167.  91.  85.  72.  62.  53.  35.  18.   1.],[304. 296. 553. 307. 358. 193.  65.  49.  51.   1.],"[1.31e+03 3.70e+01 6.00e+00 5.00e+00 0.00e+00 1.00e+00 0.00e+00 1.00e+00
 0.00e+00 1.00e+00]",[378. 181.  87.  38.  15.  12.   7.   3.   4.   1.],[ 51.  99. 119. 102.  78.  49.  27.  15.   4.   1.]
35,data\benchmark\db\0\m40\m40.off,40,2387.0,4790.0,0,"[-0.50292605 -0.14365567 -0.10958436  0.4970423  -0.14365567 -0.10958436
  0.4970423  -0.14365567  0.15310434 -0.50292605 -0.14365567  0.15310434
 -0.50292605  0.14705536 -0.10958436  0.4970423   0.14705536 -0.10958436
  0.4970423   0.14705536  0.15310434 -0.50292605  0.14705536  0.15310434]",quadruped,0.01,0.30893392397696356,3.806666851043701,294.8470603276472,0.07636408507823944,0.9999998919172117,3.910764519227826,[150. 159.  86.  68.  48.  48.  44.  24.   9.   1.],[181. 486. 551. 151. 157. 150. 132.  56.  44.   1.],"[1.062e+03 8.200e+01 2.800e+01 8.000e+00 5.000e+00 2.000e+00 0.000e+00
 3.000e+00 2.000e+00 1.000e+00]",[381. 123.  52.  40.  22.   3.   7.   6.   2.   1.],[ 41. 116.  91.  93.  63.  37.  20.   8.   8.   1.]
36,data\benchmark\db\0\m41\m41.off,41,2437.0,5000.0,0,"[-0.5018013  -0.27745903 -0.08732919  0.4981935  -0.27745903 -0.08732919
  0.4981935  -0.27745903  0.03899398 -0.5018013  -0.27745903  0.03899398
 -0.5018013   0.18949968 -0.08732919  0.4981935   0.18949968 -0.08732919
  0.4981935   0.18949968  0.03899398 -0.5018013   0.18949968  0.03899398]",quadruped,0.01,0.32678067074925676,7.916163444519043,348.9547220841007,0.058987393975257874,0.9999999156812227,5.048158287204709,[183. 135.  56.  61.  40.  36.  45.  41.  52.   1.],[106. 446. 363. 259. 233. 217. 188.  90.  46.   1.],"[1.099e+03 7.100e+01 2.700e+01 7.000e+00 6.000e+00 2.000e+00 2.000e+00
 1.000e+00 2.000e+00 1.000e+00]",[344. 158.  88.  32.  15.   9.   3.   0.   0.   1.],[ 38. 120. 142.  92.  53.  25.  13.   3.   1.   1.]
37,data\benchmark\db\0\m42\m42.off,42,2480.0,5000.0,0,"[-0.16132984 -0.51979107 -0.1709963   0.2622574  -0.51979107 -0.1709963
  0.2622574  -0.51979107  0.09310964 -0.16132984 -0.51979107  0.09310964
 -0.16132984  0.47835755 -0.1709963   0.2622574   0.47835755 -0.1709963
  0.2622574   0.47835755  0.09310964 -0.16132984  0.47835755  0.09310964]",quadruped,0.01,0.23046350922126557,3.7793498039245605,122.40707253146293,0.111664779484272,1.0006464171028893,1.2083411386299516,[142. 139. 100.  90.  72.  50.  31.  27.  10.   1.],[221. 979. 365. 203. 142.  40.  17.   8.   8.   1.],"[1.193e+03 3.700e+01 3.000e+00 6.000e+00 0.000e+00 0.000e+00 0.000e+00
 0.000e+00 0.000e+00 1.000e+00]",[434. 132.  38.  23.  11.  13.   4.   3.   3.   1.],[ 86. 136. 110.  68.  44.  27.  12.   8.   4.   1.]
38,data\benchmark\db\0\m43\m43.off,43,2532.0,5000.0,0,"[-0.35792056 -0.5111346  -0.3429535   0.6090668  -0.5111346  -0.3429535
  0.6090668  -0.5111346   0.13400769 -0.35792056 -0.5111346   0.13400769
 -0.35792056  0.61533105 -0.3429535   0.6090668   0.61533105 -0.3429535
  0.6090668   0.61533105  0.13400769 -0.35792056  0.61533105  0.13400769]",quadruped,0.024669954784735538,0.23434135571131678,2.36175537109375,21.145117714286283,0.5195434093475342,1.1436526479903504,3.124220974569497,[175. 136.  67.  75.  60.  43.  41.  36.  41.   1.],[531. 418. 485. 248. 192.  84.  41.  19.   6.   1.],"[1.135e+03 8.800e+01 2.900e+01 5.000e+00 5.000e+00 1.000e+00 1.000e+00
 1.000e+00 0.000e+00 1.000e+00]",[555.  62.  30.  12.  12.   3.   1.   0.   0.   1.],[119. 196. 113.  50.  16.   9.   3.   0.   0.   1.]
39,data\benchmark\db\0\m44\m44.off,44,2502.0,5000.0,0,"[-0.5028517  -0.22886492 -0.10984156  0.4970376  -0.22886492 -0.10984156
  0.4970376  -0.22886492  0.10988026 -0.5028517  -0.22886492  0.10988026
 -0.5028517   0.23868638 -0.10984156  0.4970376   0.23868638 -0.10984156
  0.4970376   0.23868638  0.10988026 -0.5028517   0.23868638  0.10988026]",quadruped,0.01,0.42359351674112683,4.550705432891846,760.0600630062552,0.10271985828876495,0.9999998820640282,1.9683868445317152,[112. 150. 112.  79.  72.  57.  44.  29.  11.   1.],[130. 492. 465. 632. 166.  72.  20.  15.   8.   1.],"[1.136e+03 8.100e+01 2.000e+01 4.000e+00 3.000e+00 4.000e+00 1.000e+00
 0.000e+00 1.000e+00 1.000e+00]",[337. 162.  75.  47.  18.  13.   6.   5.   4.   1.],[ 20.  84. 126. 108.  72.  57.  19.  12.   2.   1.]
40,data\benchmark\db\0\m45\m45.off,45,2505.0,5000.0,0,"[-0.4949073  -0.18647078 -0.12089638  0.50453824 -0.18647078 -0.12089638
  0.50453824 -0.18647078  0.11546408 -0.4949073  -0.18647078  0.11546408
 -0.4949073   0.30191237 -0.12089638  0.50453824  0.30191237 -0.12089638
  0.50453824  0.30191237  0.11546408 -0.4949073   0.30191237  0.11546408]",quadruped,0.01,0.3994977429978803,4.228480339050293,637.5921922679755,0.11537045985460281,1.0001269203502545,2.566043594665028,[117. 158. 117.  97.  67.  39.  31.  27.  14.   1.],[514. 702. 334. 117.  96.  70.  70.  45.  55.   1.],"[1.042e+03 9.100e+01 6.800e+01 2.200e+01 1.900e+01 4.000e+00 4.000e+00
 0.000e+00 1.000e+00 1.000e+00]",[445. 122.  41.  28.  16.  10.   1.   4.   0.   1.],[ 51. 108. 128.  82.  69.  41.  16.   4.   1.   1.]
41,data\benchmark\db\0\m46\m46.off,46,2538.0,4999.0,0,"[-0.5194351  -0.49845535 -0.26800466  0.17434996 -0.49845535 -0.26800466
  0.17434996 -0.49845535  0.04743244 -0.5194351  -0.49845535  0.04743244
 -0.5194351   0.47267377 -0.26800466  0.17434996  0.47267377 -0.26800466
  0.17434996  0.47267377  0.04743244 -0.5194351   0.47267377  0.04743244]",quadruped,0.01,0.29561789911934894,3.0786776542663574,258.34031140897184,0.21252727508544922,1.0000005960710494,1.3984118773437328,[188. 103.  78.  90.  87.  48.  42.  28.  12.   1.],"[1.329e+03 2.210e+02 1.140e+02 6.900e+01 7.000e+01 9.200e+01 4.600e+01
 5.700e+01 3.100e+01 1.000e+00]","[1.164e+03 7.900e+01 1.200e+01 1.000e+01 1.000e+00 1.000e+00 1.000e+00
 0.000e+00 0.000e+00 1.000e+00]",[589.  44.  16.   5.   5.   6.   6.   3.   2.   1.],[157. 153.  96.  53.  23.  12.   8.   3.   2.   1.]
42,data\benchmark\db\0\m47\m47.off,47,2543.0,4999.0,0,"[-0.5053063  -0.46599147 -0.07764701  0.4944523  -0.46599147 -0.07764701
  0.4944523  -0.46599147  0.05360096 -0.5053063  -0.46599147  0.05360096
 -0.5053063   0.23559561 -0.07764701  0.4944523   0.23559561 -0.07764701
  0.4944523   0.23559561  0.05360096 -0.5053063   0.23559561  0.05360096]",quadruped,0.01,0.26688290917595253,7.617326259613037,190.09132117047216,0.0920596569776535,1.0000005124317728,2.710530224386222,[166. 116.  85.  98.  63.  50.  50.  34.  15.   1.],[465. 599. 301. 186.  86. 100.  82. 111. 103.   1.],"[1.152e+03 6.900e+01 3.100e+01 9.000e+00 3.000e+00 4.000e+00 1.000e+00
 1.000e+00 0.000e+00 1.000e+00]",[507.  90.  43.  15.  13.   5.   5.   0.   0.   1.],[ 38. 133. 135.  93.  51.  28.  22.   6.   2.   1.]
43,data\benchmark\db\0\m48\m48.off,48,2517.0,4999.0,0,"[-0.6046511  -0.25080994 -0.27414298  0.39135492 -0.25080994 -0.27414298
  0.39135492 -0.25080994  0.17866062 -0.6046511  -0.25080994  0.17866062
 -0.6046511   0.23824224 -0.27414298  0.39135492  0.23824224 -0.27414298
  0.39135492  0.23824224  0.17866062 -0.6046511   0.23824224  0.17866062]",quadruped,0.05300526024547925,0.7269819055221893,2.1996424198150635,136.7517403711607,0.22056014835834503,1.0108049397418515,6.8456901733084035,[126. 148. 101.  94.  78.  49.  34.  24.  16.   1.],[114. 198. 320. 577. 439. 142. 122.  60.  40.   1.],"[1.176e+03 6.200e+01 1.500e+01 0.000e+00 4.000e+00 0.000e+00 0.000e+00
 0.000e+00 0.000e+00 1.000e+00]",[265. 133.  97.  64.  44.  27.  17.  15.   9.   1.],[ 26.  75. 100. 108.  97.  49.  31.  17.   0.   1.]
44,data\benchmark\db\0\m49\m49.off,49,2591.0,5000.0,0,"[-0.48424548 -0.41387084 -0.34658056  0.5684885  -0.41387084 -0.34658056
  0.5684885  -0.41387084  0.35415462 -0.48424548 -0.41387084  0.35415462
 -0.48424548  0.41461152 -0.34658056  0.5684885   0.41461152 -0.34658056
  0.5684885   0.41461152  0.35415462 -0.48424548  0.41461152  0.35415462]",quadruped,0.19412241941365532,1.9339930725857573,1.5023276805877686,191.96115376159196,0.6111612915992737,1.0529027737006844,3.126960730802068,[ 87. 127. 159. 140.  80.  49.  30.  13.   5.   1.],[102. 113. 157. 255. 345. 563. 278. 147. 110.   2.],[542. 541. 127.  64.  11.   3.   2.   1.   3.   1.],[261. 142.  97.  67.  51.  37.  17.  10.   8.   1.],[20. 56. 70. 95. 77. 96. 63. 25. 16.  1.]
45,data\benchmark\db\0\m5\m5.off,5,2791.0,4998.0,0,"[-0.5234962  -0.3310986  -0.2820481   0.4781257  -0.3310986  -0.2820481
  0.4781257  -0.3310986   0.21344787 -0.5234962  -0.3310986   0.21344787
 -0.5234962   0.34279063 -0.2820481   0.4781257   0.34279063 -0.2820481
  0.4781257   0.34279063  0.21344787 -0.5234962   0.34279063  0.21344787]",quadruped,0.01902510298840603,1.0965563021272953,2.021453380584717,3642.82889562696,0.33445098996162415,1.1044329134476607,5.039898863623356,[123. 177. 138.  94.  82.  51.  41.  21.  16.   1.],[210. 471. 360. 459. 218. 197. 233.  65.  18.   1.],"[1.073e+03 1.780e+02 8.100e+01 3.500e+01 1.500e+01 7.000e+00 4.000e+00
 1.000e+00 0.000e+00 1.000e+00]",[381. 176.  99.  38.  25.  10.  13.   1.   1.   1.],[ 16.  72. 119. 135.  88.  78.  27.  17.   6.   1.]
46,data\benchmark\db\0\m50\m50.off,50,2502.0,5000.0,0,"[-0.56842536 -0.26584837 -0.2120378   0.38737214 -0.26584837 -0.2120378
  0.38737214 -0.26584837  0.18828227 -0.56842536 -0.26584837  0.18828227
 -0.56842536  0.30346903 -0.2120378   0.38737214  0.30346903 -0.2120378
  0.38737214  0.30346903  0.18828227 -0.56842536  0.30346903  0.18828227]",quadruped,0.0429973599940012,0.7967258795291811,2.3875832557678223,273.554076379455,0.21783500909805298,1.0106140348185744,6.310511245703052,[122. 148. 115.  79.  56.  58.  54.  20.  14.   1.],[236. 333. 471. 348. 299. 111. 107.  89.   6.   1.],[720. 257. 142.  56.  40.  19.   9.   6.   1.   1.],[360. 142.  81.  43.  28.   9.   4.   0.   0.   1.],[27. 79. 96. 91. 90. 66. 37. 10.  4.  1.]
47,data\benchmark\db\0\m51\m51.off,51,1957.0,3894.0,0,"[-0.5916829  -0.27715224 -0.23924482  0.41246545 -0.27715224 -0.23924482
  0.41246545 -0.27715224  0.17923394 -0.5916829  -0.27715224  0.17923394
 -0.5916829   0.27725482 -0.23924482  0.41246545  0.27725482 -0.23924482
  0.41246545  0.27725482  0.17923394 -0.5916829   0.27725482  0.17923394]",quadruped,0.06146447759854551,0.9595723906920649,2.3995206356048584,233.87556064564725,0.23297004401683807,1.0204734334929808,4.992464916957378,[ 84.  93. 104.  91.  52.  42.  33.  16.   6.   1.],[140. 296. 546. 200. 108.  81.  65.  71.  57.   1.],[840.  96.  21.  11.   2.   1.   4.   2.   0.   1.],[302.  84.  58.  30.  17.  19.   4.   4.   3.   1.],[34. 54. 73. 95. 73. 30. 16. 10.  6.  1.]
48,data\benchmark\db\0\m52\m52.off,52,2514.0,5000.0,0,"[-0.5265749  -0.25257942 -0.47914273  0.4404477  -0.25257942 -0.47914273
  0.4404477  -0.25257942  0.50982964 -0.5265749  -0.25257942  0.50982964
 -0.5265749   0.3288837  -0.47914273  0.4404477   0.3288837  -0.47914273
  0.4404477   0.3288837   0.50982964 -0.5265749   0.3288837   0.50982964]",quadruped,0.0590711616027048,1.760923974204362,1.7008342742919922,1564.8430899309544,0.5560871958732605,1.0140707711060999,4.218096490481121,[ 80. 132. 149. 114.  65.  54.  34.  28.  14.   1.],[105. 201. 278. 314. 529. 261. 165. 110.  47.   1.],"[1.085e+03 1.500e+02 7.000e+00 8.000e+00 0.000e+00 1.000e+00 5.000e+00
 0.000e+00 0.000e+00 1.000e+00]",[293. 169.  79.  68.  28.  12.  15.   5.   1.   1.],[ 13.  52.  96. 116. 114.  75.  27.   9.   0.   1.]
49,data\benchmark\db\0\m53\m53.off,53,2684.0,5000.0,0,"[-0.62786686 -0.1772036  -0.07490802  0.37535143 -0.1772036  -0.07490802
  0.37535143 -0.1772036   0.05251701 -0.62786686 -0.1772036   0.05251701
 -0.62786686  0.16087142 -0.07490802  0.37535143  0.16087142 -0.07490802
  0.37535143  0.16087142  0.05251701 -0.62786686  0.16087142  0.05251701]",quadruped,0.01,0.3936170321328855,7.8730082511901855,609.8480610167982,0.04321786016225815,1.0084877724954686,5.982246193096842,[213. 133.  73.  68.  47.  53.  59.  47.  22.   1.],[189. 544. 587. 387. 243.  57.  27.  36.  76.   1.],"[1.241e+03 7.700e+01 1.400e+01 4.000e+00 4.000e+00 1.000e+00 0.000e+00
 0.000e+00 0.000e+00 1.000e+00]",[315. 181. 108.  61.  34.  13.   2.   1.   0.   1.],[ 17.  72.  85. 105. 120.  72.  42.  17.   6.   1.]
50,data\benchmark\db\0\m54\m54.off,54,2692.0,4999.0,0,"[-0.6268007  -0.18197878 -0.11338097  0.3899104  -0.18197878 -0.11338097
  0.3899104  -0.18197878  0.07678789 -0.6268007  -0.18197878  0.07678789
 -0.6268007   0.18148212 -0.11338097  0.3899104   0.18148212 -0.11338097
  0.3899104   0.18148212  0.07678789 -0.6268007   0.18148212  0.07678789]",quadruped,0.010990380687062703,0.5012621787436823,5.346359729766846,1042.7239302335017,0.0702739953994751,1.0259517009375478,6.811797183996523,[184. 156.  80.  73.  64.  47.  49.  47.  17.   1.],[ 99. 465. 538. 520. 271. 106.  61.  40.  52.   1.],"[1.292e+03 4.400e+01 7.000e+00 1.000e+00 1.000e+00 0.000e+00 0.000e+00
 0.000e+00 0.000e+00 1.000e+00]",[285. 146. 111.  73.  45.  29.  17.   9.   2.   1.],[ 13.  46.  81. 109. 100.  85.  56.  35.  13.   1.]
51,data\benchmark\db\0\m55\m55.off,55,2657.0,4999.0,0,"[-0.6282775  -0.19417462 -0.07368692  0.37540394 -0.19417462 -0.07368692
  0.37540394 -0.19417462  0.0908082  -0.6282775  -0.19417462  0.0908082
 -0.6282775   0.17802057 -0.07368692  0.37540394  0.17802057 -0.07368692
  0.37540394  0.17802057  0.0908082  -0.6282775   0.17802057  0.0908082 ]",quadruped,0.01,0.4416883673044445,6.101588249206543,861.6837131433867,0.06144968420267105,1.0149242812525032,6.012761343764553,[192. 150.  82.  60.  64.  52.  54.  37.  17.   1.],[202. 513. 575. 387. 267.  65.  43.  27.  45.   1.],"[1.184e+03 9.100e+01 3.300e+01 1.700e+01 1.000e+00 1.000e+00 0.000e+00
 0.000e+00 0.000e+00 1.000e+00]",[280. 172.  99.  58.  49.  30.  13.   6.   1.   1.],[ 18.  54.  91.  96. 114.  81.  53.  21.   3.   1.]
52,data\benchmark\db\0\m56\m56.off,56,2718.0,4999.0,0,"[-0.7404983  -0.1736269  -0.0770436   0.262541   -0.1736269  -0.0770436
  0.262541   -0.1736269   0.0744591  -0.7404983  -0.1736269   0.0744591
 -0.7404983   0.18788582 -0.0770436   0.262541    0.18788582 -0.0770436
  0.262541    0.18788582  0.0744591  -0.7404983   0.18788582  0.0744591 ]",quadruped,0.01,0.4405132654264948,6.620604038238525,854.8245243756896,0.054936621338129044,1.0137039841335658,5.669351192279674,[199. 122.  94.  59.  68.  62.  47.  47.  26.   1.],[541. 853. 389. 134.  93.  84.  28.  22.  29.   1.],"[1.301e+03 4.300e+01 1.000e+01 3.000e+00 0.000e+00 1.000e+00 0.000e+00
 0.000e+00 0.000e+00 1.000e+00]",[416. 124.  72.  50.  23.  21.  10.   8.   0.   1.],[ 26.  84. 101. 103. 100.  68.  44.  16.   1.   1.]
53,data\benchmark\db\0\m57\m57.off,57,2675.0,5000.0,0,"[-0.64597887 -0.19288732 -0.06285211  0.35940975 -0.19288732 -0.06285211
  0.35940975 -0.19288732  0.06101783 -0.64597887 -0.19288732  0.06101783
 -0.64597887  0.18652572 -0.06285211  0.35940975  0.18652572 -0.06285211
  0.35940975  0.18652572  0.06101783 -0.64597887  0.18652572  0.06101783]",quadruped,0.01,0.43095050254633965,8.116485595703125,800.3541007825784,0.04725112393498421,1.0112155158807705,5.763196871662915,[185. 147.  87.  72.  61.  41.  59.  43.  18.   1.],[232. 640. 533. 402. 176.  38.  25.  26.  67.   1.],"[1.09e+03 1.73e+02 3.70e+01 1.30e+01 1.40e+01 7.00e+00 0.00e+00 2.00e+00
 0.00e+00 1.00e+00]",[348. 165.  83.  62.  31.  14.   6.   3.   1.   1.],[ 17.  45.  85. 121.  97.  92.  56.  16.   5.   1.]
54,data\benchmark\db\0\m58\m58.off,58,2502.0,5000.0,0,"[-0.51081765 -0.2132893  -0.24965003  0.4874022  -0.2132893  -0.24965003
  0.4874022  -0.2132893   0.2803939  -0.51081765 -0.2132893   0.2803939
 -0.51081765  0.29273474 -0.24965003  0.4874022   0.29273474 -0.24965003
  0.4874022   0.29273474  0.2803939  -0.51081765  0.29273474  0.2803939 ]",quadruped,0.04647631402488507,0.83166363409501,1.972672700881958,266.30528173404116,0.2677375376224518,1.0064316888257805,6.149696061439971,[ 97. 128. 124. 107.  70.  48.  48.  24.  20.   1.],[146. 213. 357. 398. 252. 153. 145. 171. 165.   1.],"[1.136e+03 7.300e+01 2.300e+01 1.100e+01 6.000e+00 0.000e+00 0.000e+00
 1.000e+00 0.000e+00 1.000e+00]",[324. 160.  85.  48.  15.  16.  10.   6.   3.   1.],[ 25.  70. 106. 102.  94.  72.  25.   6.   0.   1.]
55,data\benchmark\db\0\m59\m59.off,59,170.0,334.0,0,"[-0.5137399  -0.10342896 -0.10527053  0.48655224 -0.10342896 -0.10527053
  0.48655224 -0.10342896  0.10525022 -0.5137399  -0.10342896  0.10525022
 -0.5137399   0.10709097 -0.10527053  0.48655224  0.10709097 -0.10527053
  0.48655224  0.10709097  0.10525022 -0.5137399   0.10709097  0.10525022]",quadruped,0.01,0.3085794209122253,4.75153112411499,293.83320964000603,0.044331759214401245,1.005524863578966,7.862247073012776,[19.  4.  2.  0.  6.  1.  3.  6.  4.  1.],[25. 14. 11. 20.  8. 25.  2. 19. 11.  1.],[55. 25.  4.  0.  0.  0.  0.  0.  0.  1.],[23.  9.  6.  2.  4.  1.  0.  0.  0.  1.],[5. 6. 6. 3. 7. 3. 2. 1. 0. 1.]
56,data\benchmark\db\0\m6\m6.off,6,2627.0,4999.0,0,"[-0.4971894  -0.35698465 -0.4737823   0.53394985 -0.35698465 -0.4737823
  0.53394985 -0.35698465  0.21173984 -0.4971894  -0.35698465  0.21173984
 -0.4971894   0.3367237  -0.4737823   0.53394985  0.3367237  -0.4737823
  0.53394985  0.3367237   0.21173984 -0.4971894   0.3367237   0.21173984]",quadruped,0.035905773552202605,1.7234201884222653,1.5041662454605103,3970.4977380078126,0.49036073684692383,1.2158949780360668,2.928226752633049,[103. 165. 146. 108.  67.  41.  40.  22.   8.   1.],[ 42. 128. 342. 370. 308. 351. 317. 163.  79.   1.],[839. 227. 108.  52.  41.  24.   7.   8.   6.   1.],[321. 171.  91.  61.  24.  17.  11.   3.   1.   1.],[ 26.  64. 102. 111.  93.  72.  35.  14.   8.   1.]
57,data\benchmark\db\0\m60\m60.off,60,2502.0,5000.0,0,"[-0.6622534  -0.18461928 -0.17062612  0.33362532 -0.18461928 -0.17062612
  0.33362532 -0.18461928  0.17073712 -0.6622534  -0.18461928  0.17073712
 -0.6622534   0.21911745 -0.17062612  0.33362532  0.21911745 -0.17062612
  0.33362532  0.21911745  0.17073712 -0.6622534   0.21911745  0.17073712]",quadruped,0.011006491266549684,0.5675676239101876,2.9173576831817627,1509.2286979268583,0.13725286722183228,1.0074706029469973,6.086358736314202,[151. 131.  96.  77.  49.  50.  40.  46.  26.   1.],[307. 484. 426. 492. 112.  60.  59.  36.  24.   1.],"[1.177e+03 4.800e+01 9.000e+00 9.000e+00 1.000e+00 4.000e+00 2.000e+00
 0.000e+00 0.000e+00 1.000e+00]",[328. 144.  98.  53.  31.   7.   4.   2.   0.   1.],[21. 62. 87. 96. 95. 83. 37. 15.  4.  1.]
58,data\benchmark\db\0\m61\m61.off,61,2619.0,4998.0,0,"[-0.59456384 -0.19497922 -0.08829504  0.4063306  -0.19497922 -0.08829504
  0.4063306  -0.19497922  0.08879664 -0.59456384 -0.19497922  0.08879664
 -0.59456384  0.24940135 -0.08829504  0.4063306   0.24940135 -0.08829504
  0.4063306   0.24940135  0.08879664 -0.59456384  0.24940135  0.08879664]",quadruped,0.01,0.41287739397484935,5.651843547821045,703.8227726178733,0.07876648753881454,1.0213618177772337,6.660495742467777,[191. 138.  86.  61.  56.  34.  60.  49.  23.   1.],[268. 407. 360. 570. 259. 146.  50.  30.   4.   1.],"[1.236e+03 6.400e+01 6.000e+00 2.000e+00 0.000e+00 0.000e+00 0.000e+00
 0.000e+00 0.000e+00 1.000e+00]",[310. 180. 107.  48.  35.  11.   5.   1.   1.   1.],[ 19.  40.  81. 109. 104.  79.  53.  29.   9.   1.]
59,data\benchmark\db\0\m62\m62.off,62,2502.0,5000.0,0,"[-0.5935843  -0.395885   -0.05591693  0.4286552  -0.395885   -0.05591693
  0.4286552  -0.395885    0.05595281 -0.5935843  -0.395885    0.05595281
 -0.5935843   0.3426115  -0.05591693  0.4286552   0.3426115  -0.05591693
  0.4286552   0.3426115   0.05595281 -0.5935843   0.3426115   0.05595281]",quadruped,0.011191169791771682,0.5780451355293744,9.137765884399414,1542.177215950058,0.08445272594690323,1.023034652535027,6.869980487023623,[140. 122. 117.  78.  66.  52.  39.  36.  16.   1.],[ 71. 215. 158. 475. 422. 402. 205.  30.  22.   1.],"[1.041e+03 1.290e+02 2.600e+01 2.100e+01 1.400e+01 5.000e+00 5.000e+00
 3.000e+00 6.000e+00 1.000e+00]",[278. 144.  90.  72.  31.  27.  14.  10.   1.   1.],[ 26.  60. 116. 100.  94.  68.  24.  11.   1.   1.]
60,data\benchmark\db\0\m63\m63.off,63,2709.0,4998.0,0,"[-0.2707649  -0.30338153 -0.4048488   0.7772393  -0.30338153 -0.4048488
  0.7772393  -0.30338153  0.38671944 -0.2707649  -0.30338153  0.38671944
 -0.2707649   0.39555746 -0.4048488   0.7772393   0.39555746 -0.4048488
  0.7772393   0.39555746  0.38671944 -0.2707649   0.39555746  0.38671944]",quadruped,0.07388799576141027,1.3209753226412082,1.4994215965270996,422.21760804217894,0.5798165798187256,1.0480344352646171,3.246505107782148,[ 92. 132. 135. 141.  91.  54.  38.  30.   9.   1.],[755. 613. 424. 143. 100.  82.  26.  16.   7.   1.],"[1.228e+03 1.090e+02 8.000e+00 5.000e+00 1.000e+00 1.000e+00 0.000e+00
 1.000e+00 0.000e+00 1.000e+00]",[438. 118.  97.  35.  27.   4.   3.   0.   0.   1.],[ 45.  97. 123.  97.  80.  60.  27.   8.   4.   1.]
61,data\benchmark\db\0\m64\m64.off,64,2545.0,4998.0,0,"[-0.49941108 -0.25315705 -0.0823588   0.50318843 -0.25315705 -0.0823588
  0.50318843 -0.25315705  0.07963974 -0.49941108 -0.25315705  0.07963974
 -0.49941108  0.29563725 -0.0823588   0.50318843  0.29563725 -0.0823588
  0.50318843  0.29563725  0.07963974 -0.49941108  0.29563725  0.07963974]",quadruped,0.01,0.4762156031132652,6.188941478729248,1079.9679386315088,0.08913497626781464,1.0087321076996378,6.263615556828481,[183. 141.  58.  55.  43.  49.  52.  73.  24.   1.],[278. 372. 304. 290. 226. 183. 160. 158.  64.   1.],"[1.204e+03 5.900e+01 5.000e+00 0.000e+00 2.000e+00 1.000e+00 0.000e+00
 0.000e+00 0.000e+00 1.000e+00]",[319. 177.  78.  51.  25.  12.  10.   4.   2.   1.],[ 30.  76.  84. 127.  87.  76.  20.   7.   1.   1.]
62,data\benchmark\db\0\m65\m65.off,65,2539.0,4999.0,0,"[-0.7094892  -0.25432083 -0.19629382  0.23132092 -0.25432083 -0.19629382
  0.23132092 -0.25432083  0.19824374 -0.7094892  -0.25432083  0.19824374
 -0.7094892   0.40659827 -0.19629382  0.23132092  0.40659827 -0.19629382
  0.23132092  0.40659827  0.19824374 -0.7094892   0.40659827  0.19824374]",quadruped,0.01,0.6892192360122847,2.384589433670044,3273.950961766758,0.24532319605350494,1.0249951310791057,3.2859295158389545,[152. 122. 119.  84.  62.  56.  50.  26.   5.   1.],[750. 946. 139. 141.  31.   9.   5.   7.   2.   1.],"[1.211e+03 3.900e+01 1.300e+01 1.000e+00 4.000e+00 0.000e+00 0.000e+00
 0.000e+00 0.000e+00 1.000e+00]",[359. 146.  79.  49.  26.   7.   4.   4.   3.   1.],[ 21.  49.  87. 106. 119.  81.  27.  12.   5.   1.]
63,data\benchmark\db\0\m66\m66.off,66,2413.0,4999.0,0,"[-0.62764394 -0.2959898  -0.3055585   0.41100508 -0.2959898  -0.3055585
  0.41100508 -0.2959898   0.17306906 -0.62764394 -0.2959898   0.17306906
 -0.62764394  0.19762608 -0.3055585   0.41100508  0.19762608 -0.3055585
  0.41100508  0.19762608  0.17306906 -0.62764394  0.19762608  0.17306906]",quadruped,0.05617947023658739,1.4794460250882808,2.1700570583343506,1025.987564412184,0.24538934230804443,1.0411476768399308,8.753369692591823,[160. 125.  83.  74.  71.  48.  38.  30.  14.   1.],[  6. 167. 266. 516. 640. 216.  38.  51.  29.   1.],[975. 135.  49.  22.  13.   6.   3.   2.   0.   1.],[322. 156.  79.  53.  20.   9.   3.   1.   0.   1.],[35. 58. 76. 92. 87. 59. 46. 22.  7.  1.]
64,data\benchmark\db\0\m67\m67.off,67,2502.0,4999.0,0,"[-0.5290662  -0.17735775 -0.1104328   0.47053015 -0.17735775 -0.1104328
  0.47053015 -0.17735775  0.12484194 -0.5290662  -0.17735775  0.12484194
 -0.5290662   0.20650092 -0.1104328   0.47053015  0.20650092 -0.1104328
  0.47053015  0.20650092  0.12484194 -0.5290662   0.20650092  0.12484194]",quadruped,0.01172727816742376,0.4659793957412775,4.248634338378906,735.7083555229516,0.09027580171823502,1.0003228434401668,8.003400323420717,[191. 140.  80.  57.  46.  42.  41.  41.  28.   1.],[ 43. 237. 430. 356. 286. 214. 164. 108. 162.   1.],"[1.198e+03 4.100e+01 8.000e+00 0.000e+00 0.000e+00 1.000e+00 0.000e+00
 2.000e+00 0.000e+00 1.000e+00]",[213. 133.  98.  74.  62.  49.  24.   9.   5.   1.],[ 36.  58.  95. 112.  96.  58.  23.  16.   6.   1.]
65,data\benchmark\db\0\m68\m68.off,68,2504.0,4999.0,0,"[-0.5040393  -0.11919136 -0.08587313  0.49409825 -0.11919136 -0.08587313
  0.49409825 -0.11919136  0.08212785 -0.5040393  -0.11919136  0.08212785
 -0.5040393   0.14953981 -0.08587313  0.49409825  0.14953981 -0.08587313
  0.49409825  0.14953981  0.08212785 -0.5040393   0.14953981  0.08212785]",quadruped,0.01,0.36361981850210306,5.94126033782959,480.7758419727798,0.04506301507353783,1.0055549198448588,5.616248514227434,[190. 129.  59.  51.  43.  53.  40.  60.  42.   1.],[344. 513. 260. 352. 105.  61. 164.  76. 127.   1.],"[1.102e+03 8.500e+01 4.000e+01 8.000e+00 9.000e+00 2.000e+00 3.000e+00
 2.000e+00 0.000e+00 1.000e+00]",[375. 148.  83.  26.  19.   9.   5.   2.   0.   1.],[ 25.  83.  95. 137.  73.  56.  28.   3.   0.   1.]
66,data\benchmark\db\0\m69\m69.off,69,2550.0,4999.0,0,"[-0.7134419  -0.1745464  -0.10194705  0.29305494 -0.1745464  -0.10194705
  0.29305494 -0.1745464   0.16780713 -0.7134419  -0.1745464   0.16780713
 -0.7134419   0.17567846 -0.10194705  0.29305494  0.17567846 -0.10194705
  0.29305494  0.17567846  0.16780713 -0.7134419   0.17567846  0.16780713]",quadruped,0.011611055460161704,0.4958301664485565,3.731163501739502,904.1811286955293,0.0950884073972702,1.0103299354774278,7.802466997534188,[220. 115.  64.  59.  64.  33.  48.  42.  34.   1.],[141. 429. 338. 794.  75.  79. 121.  38.  24.   1.],"[1.112e+03 1.260e+02 2.300e+01 6.000e+00 5.000e+00 2.000e+00 0.000e+00
 0.000e+00 0.000e+00 1.000e+00]",[367. 152.  62.  44.  25.  11.   9.   6.   3.   1.],[ 42.  77.  93. 101.  91.  59.  29.  14.   3.   1.]
67,data\benchmark\db\0\m7\m7.off,7,2521.0,4999.0,0,"[-0.73200583 -0.28902772 -0.29941902  0.30709898 -0.28902772 -0.29941902
  0.30709898 -0.28902772  0.21216798 -0.73200583 -0.28902772  0.21216798
 -0.73200583  0.2858145  -0.29941902  0.30709898  0.2858145  -0.29941902
  0.30709898  0.2858145   0.21216798 -0.73200583  0.2858145   0.21216798]",quadruped,0.035881877757593036,1.0282785451405008,2.031139850616455,844.4656694307776,0.30558183789253235,1.069778554168439,5.625414846326531,[ 82. 160. 127. 101.  80.  55.  32.  25.   9.   1.],[158. 381. 822. 416.  47.  37.  41.  45.  68.   1.],"[1.108e+03 1.150e+02 2.500e+01 7.000e+00 2.000e+00 0.000e+00 1.000e+00
 1.000e+00 0.000e+00 1.000e+00]",[386. 152.  65.  31.  16.  10.   9.   1.   2.   1.],[ 21.  72.  87. 107.  87.  67.  38.  15.  10.   1.]
68,data\benchmark\db\0\m70\m70.off,70,2556.0,4999.0,0,"[-0.63186604 -0.22690742 -0.07461525  0.36882126 -0.22690742 -0.07461525
  0.36882126 -0.22690742  0.17819998 -0.63186604 -0.22690742  0.17819998
 -0.63186604  0.22494958 -0.07461525  0.36882126  0.22494958 -0.07461525
  0.36882126  0.22494958  0.17819998 -0.63186604  0.22494958  0.17819998]",quadruped,0.01,0.43184634504113006,3.958176374435425,805.3557148560071,0.11431486159563065,1.0127016622578722,7.801108015813135,[222. 115.  80.  49.  47.  32.  53.  53.  30.   1.],[406. 406. 334. 386. 229.  42. 104.  86.  50.   1.],"[1.251e+03 2.000e+01 3.000e+00 0.000e+00 1.000e+00 1.000e+00 0.000e+00
 1.000e+00 0.000e+00 1.000e+00]",[402. 130.  67.  35.  21.  13.   6.   5.   2.   1.],[ 17.  54.  99. 130. 106.  59.  31.  12.   3.   1.]
69,data\benchmark\db\0\m71\m71.off,71,2502.0,5000.0,0,"[-0.6043807  -0.13486661 -0.15716428  0.3956427  -0.13486661 -0.15716428
  0.3956427  -0.13486661  0.1596646  -0.6043807  -0.13486661  0.1596646
 -0.6043807   0.2282227  -0.15716428  0.3956427   0.2282227  -0.15716428
  0.3956427   0.2282227   0.1596646  -0.6043807   0.2282227   0.1596646 ]",quadruped,0.014343208532996725,0.4739839956933479,3.1563518047332764,517.6049346649725,0.1150398701429367,1.012515834711775,8.366170408263077,[161. 163.  78.  56.  48.  47.  48.  46.  19.   1.],[205. 386. 445. 377. 193. 148.  96. 100.  50.   1.],"[1.098e+03 5.600e+01 3.200e+01 2.500e+01 1.100e+01 1.100e+01 7.000e+00
 7.000e+00 3.000e+00 1.000e+00]",[318. 160.  90.  48.  23.  10.  12.   5.   1.   1.],[ 25.  73.  84. 119. 102.  54.  30.   9.   4.   1.]
70,data\benchmark\db\0\m72\m72.off,72,2548.0,5000.0,0,"[-0.5944688  -0.22803919 -0.0796854   0.40608865 -0.22803919 -0.0796854
  0.40608865 -0.22803919  0.16940206 -0.5944688  -0.22803919  0.16940206
 -0.5944688   0.22652471 -0.0796854   0.40608865  0.22652471 -0.0796854
  0.40608865  0.22652471  0.16940206 -0.5944688   0.22652471  0.16940206]",quadruped,0.011380032415425042,0.4898296925830277,4.016891956329346,907.503533972287,0.11328928172588348,1.0087253921747763,7.619552260516351,[208. 124.  78.  56.  45.  35.  45.  48.  40.   1.],[ 95. 356. 383. 379. 389. 181.  97. 107.  50.   1.],"[1.255e+03 1.300e+01 2.000e+00 0.000e+00 1.000e+00 0.000e+00 1.000e+00
 1.000e+00 0.000e+00 1.000e+00]",[474. 140.  45.  11.   4.   4.   1.   0.   0.   1.],[ 30.  64. 114. 100. 105.  52.  22.  19.   3.   1.]
71,data\benchmark\db\0\m73\m73.off,73,2503.0,5000.0,0,"[-0.44820702 -0.24604434 -0.18573216  0.5546354  -0.24604434 -0.18573216
  0.5546354  -0.24604434  0.18393072 -0.44820702 -0.24604434  0.18393072
 -0.44820702  0.35634497 -0.18573216  0.5546354   0.35634497 -0.18573216
  0.5546354   0.35634497  0.18393072 -0.44820702  0.35634497  0.18393072]",quadruped,0.02386948490124926,0.6686480899037901,2.7128567695617676,524.6947644479081,0.22331394255161285,1.0227521696433672,10.773714445194187,[164. 132.  98.  71.  56.  61.  47.  33.   5.   1.],[ 32. 130. 323. 343. 393. 318. 216. 166.  80.   1.],"[1.206e+03 2.500e+01 7.000e+00 1.000e+00 2.000e+00 2.000e+00 3.000e+00
 2.000e+00 2.000e+00 1.000e+00]",[343. 153.  72.  37.  27.  17.   8.   9.   1.   1.],[35. 62. 95. 98. 92. 61. 41. 13.  3.  1.]
72,data\benchmark\db\0\m74\m74.off,74,2072.0,4171.0,0,"[-0.67893034 -0.20411223 -0.0959547   0.32337618 -0.20411223 -0.0959547
  0.32337618 -0.20411223  0.2236596  -0.67893034 -0.20411223  0.2236596
 -0.67893034  0.15527193 -0.0959547   0.32337618  0.15527193 -0.0959547
  0.32337618  0.15527193  0.2236596  -0.67893034  0.15527193  0.2236596 ]",quadruped,0.01,0.35569670286010874,3.1359875202178955,450.02798217553783,0.1151292473077774,1.0054577182443696,9.303704209749421,[170. 101.  54.  51.  37.  38.  42.  43.  16.   1.],[208. 310. 544. 328.  14.  15.  22.  54. 161.   1.],[988.  36.   9.   2.   0.   0.   0.   0.   0.   1.],[318.  98.  50.  32.  27.  10.   7.   7.   3.   1.],[36. 84. 86. 83. 56. 31. 22. 12.  4.  1.]
73,data\benchmark\db\0\m75\m75.off,75,2573.0,5000.0,0,"[-0.5797947  -0.27023783 -0.08884835  0.42543018 -0.27023783 -0.08884835
  0.42543018 -0.27023783  0.19149396 -0.5797947  -0.27023783  0.19149396
 -0.5797947   0.2699055  -0.08884835  0.42543018  0.2699055  -0.08884835
  0.42543018  0.2699055   0.19149396 -0.5797947   0.2699055   0.19149396]",quadruped,0.01,0.4595312806322674,3.585705518722534,970.3876002541375,0.15221622586250305,1.0221429541547897,5.688750566023405,[199. 122.  83.  59.  42.  41.  52.  55.  32.   1.],[622. 318. 248. 222. 347. 215.  33.  26.  26.   1.],"[1.202e+03 6.500e+01 1.100e+01 6.000e+00 0.000e+00 0.000e+00 0.000e+00
 1.000e+00 0.000e+00 1.000e+00]",[376. 184.  74.  26.  15.   7.   0.   2.   2.   1.],[ 33.  82. 127. 116.  94.  37.  13.   8.   4.   1.]
74,data\benchmark\db\0\m76\m76.off,76,2504.0,5000.0,0,"[-0.6309968  -0.16899025 -0.19638115  0.37264788 -0.16899025 -0.19638115
  0.37264788 -0.16899025  0.19405417 -0.6309968  -0.16899025  0.19405417
 -0.6309968   0.17287341 -0.19638115  0.37264788  0.17287341 -0.19638115
  0.37264788  0.17287341  0.19405417 -0.6309968   0.17287341  0.19405417]",quadruped,0.0102055184186837,0.4079214825074695,2.9358038902282715,651.7178111832233,0.13396213948726654,1.0052090274579895,7.81012029918293,[193. 121.  80.  55.  44.  42.  57.  55.  20.   1.],[409. 446. 304. 324. 242.  68.  59.  95.  55.   1.],[945. 130.  65.  49.  24.  19.   6.   6.   7.   1.],[324. 147.  78.  51.  36.  15.  11.   3.   2.   1.],[ 21.  81.  98. 127.  76.  70.  22.   3.   2.   1.]
75,data\benchmark\db\0\m77\m77.off,77,2532.0,5000.0,0,"[-0.5773947  -0.2917264  -0.16952251  0.50313133 -0.2917264  -0.16952251
  0.50313133 -0.2917264   0.24741335 -0.5773947  -0.2917264   0.24741335
 -0.5773947   0.23671019 -0.16952251  0.50313133  0.23671019 -0.16952251
  0.50313133  0.23671019  0.24741335 -0.5773947   0.23671019  0.24741335]",quadruped,0.013414505109825975,0.6764415958180809,2.591588258743286,1720.0521159162474,0.23806601762771606,1.0977639753887078,8.410663413190736,[204. 142.  71.  46.  44.  56.  53.  42.  16.   1.],[164. 397. 498. 160. 217. 208. 121. 221.  38.   1.],"[1.024e+03 1.120e+02 5.300e+01 3.900e+01 1.900e+01 1.400e+01 2.000e+00
 1.000e+00 1.000e+00 1.000e+00]",[345. 149.  77.  56.  25.  17.   5.   0.   1.   1.],[ 35.  94. 124. 109.  67.  50.  18.   5.   4.   1.]
76,data\benchmark\db\0\m78\m78.off,78,2516.0,4999.0,0,"[-0.42710185 -0.18883663 -0.17692137  0.6034405  -0.18883663 -0.17692137
  0.6034405  -0.18883663  0.2340982  -0.42710185 -0.18883663  0.2340982
 -0.42710185  0.29249668 -0.17692137  0.6034405   0.29249668 -0.17692137
  0.6034405   0.29249668  0.2340982  -0.42710185  0.29249668  0.2340982 ]",quadruped,0.010695890195624086,0.4419710051560781,2.5072829723358154,754.6532827128733,0.20387983322143555,1.048746055516313,8.46309498302198,[208. 139.  75.  44.  36.  32.  51.  62.  23.   1.],[ 98. 455. 403. 203. 412. 236. 109.  81.  14.   1.],"[1.21e+03 3.80e+01 4.00e+00 2.00e+00 2.00e+00 0.00e+00 1.00e+00 0.00e+00
 0.00e+00 1.00e+00]",[356. 163.  80.  33.  20.   8.   9.   1.   0.   1.],[ 35.  82. 118. 105.  85.  55.  17.   5.   1.   1.]
77,data\benchmark\db\0\m79\m79.off,79,2660.0,4999.0,0,"[-0.5914546  -0.15494153 -0.06502553  0.41626996 -0.15494153 -0.06502553
  0.41626996 -0.15494153  0.17942862 -0.5914546  -0.15494153  0.17942862
 -0.5914546   0.13322917 -0.06502553  0.41626996  0.13322917 -0.06502553
  0.41626996  0.13322917  0.17942862 -0.5914546   0.13322917  0.17942862]",quadruped,0.01,0.2670353826282895,4.122345924377441,190.41731179404925,0.07098867744207382,1.024702608060858,6.806227325576182,[270. 109.  47.  46.  25.  45.  48.  71.  48.   1.],[418. 397. 330. 273. 283. 276.  81.  55.  14.   1.],"[1.26e+03 5.10e+01 1.00e+01 3.00e+00 2.00e+00 2.00e+00 0.00e+00 1.00e+00
 0.00e+00 1.00e+00]",[285. 163. 110.  64.  46.  25.  12.   3.   1.   1.],[ 23.  70. 107. 109. 111.  65.  35.   8.   3.   1.]
78,data\benchmark\db\0\m8\m8.off,8,2603.0,4999.0,0,"[-0.46177417 -0.5548281  -0.26175857  0.46471173 -0.5548281  -0.26175857
  0.46471173 -0.5548281   0.21566263 -0.46177417 -0.5548281   0.21566263
 -0.46177417  0.34451973 -0.26175857  0.46471173  0.34451973 -0.26175857
  0.46471173  0.34451973  0.21566263 -0.46177417  0.34451973  0.21566263]",quadruped,0.02764526475730684,1.2555596753755678,1.9406049251556396,2589.8259025494385,0.3978031575679779,1.1945912943667143,6.79427696407571,[ 99. 152. 121. 108.  79.  52.  37.  38.   7.   1.],[ 82. 318. 533. 500. 253. 289.  55.  13.  38.   1.],"[1.091e+03 1.480e+02 4.200e+01 1.200e+01 2.000e+00 2.000e+00 0.000e+00
 2.000e+00 1.000e+00 1.000e+00]",[366. 142.  82.  52.  23.  14.   9.   3.   3.   1.],[ 27.  75. 118. 113.  98.  48.  29.  10.   2.   1.]
79,data\benchmark\db\0\m80\m80.off,80,2526.0,4998.0,0,"[-0.440892   -0.18804744 -0.10722413  0.57277906 -0.18804744 -0.10722413
  0.57277906 -0.18804744  0.1899489  -0.440892   -0.18804744  0.1899489
 -0.440892    0.21390843 -0.10722413  0.57277906  0.21390843 -0.10722413
  0.57277906  0.21390843  0.1899489  -0.440892    0.21390843  0.1899489 ]",quadruped,0.01,0.39557361584153455,3.4110467433929443,618.9876033039944,0.12108345329761505,1.021587416416711,7.164763069411635,[202. 138.  66.  52.  51.  41.  43.  57.  23.   1.],[167. 357. 432. 341. 277. 181. 114. 126.  24.   1.],"[1.193e+03 6.100e+01 7.000e+00 0.000e+00 1.000e+00 0.000e+00 0.000e+00
 0.000e+00 0.000e+00 1.000e+00]",[382. 150.  65.  43.  18.   6.   5.   4.   0.   1.],[ 24.  69.  81. 106.  86.  64.  46.  21.   8.   1.]
80,data\benchmark\db\0\m81\m81.off,81,2522.0,5000.0,0,"[-0.5422785  -0.2584309  -0.12822168  0.44588786 -0.2584309  -0.12822168
  0.44588786 -0.2584309   0.18134052 -0.5422785  -0.2584309   0.18134052
 -0.5422785   0.14913931 -0.12822168  0.44588786  0.14913931 -0.12822168
  0.44588786  0.14913931  0.18134052 -0.5422785   0.14913931  0.18134052]",quadruped,0.011104828529226894,0.36037237760932067,3.192141532897949,379.51659541688855,0.12467530369758606,1.0318774362544574,7.2552254745390385,[239. 104.  46.  35.  38.  42.  60.  73.  35.   1.],[447. 325. 338. 172. 309. 237. 120.  65.   0.   4.],"[1.199e+03 3.800e+01 8.000e+00 6.000e+00 2.000e+00 3.000e+00 1.000e+00
 1.000e+00 2.000e+00 1.000e+00]",[334. 193.  81.  42.  16.   5.   0.   1.   0.   1.],[ 18.  65. 104. 116.  97.  71.  20.   7.   6.   1.]
81,data\benchmark\db\0\m82\m82.off,82,2506.0,5000.0,0,"[-0.6646364  -0.35144043 -0.51087     0.4240065  -0.35144043 -0.51087
  0.4240065  -0.35144043  0.23249167 -0.6646364  -0.35144043  0.23249167
 -0.6646364   0.5320654  -0.51087     0.4240065   0.5320654  -0.51087
  0.4240065   0.5320654   0.23249167 -0.6646364   0.5320654   0.23249167]",quadruped,0.01,0.6074022580914955,1.4644861221313477,2240.934724986232,0.7149817943572998,1.0913473102426074,2.5681201382714716,[121. 141. 121.  95.  78.  47.  33.  20.  11.   1.],[132. 201. 409. 532. 461.  44.  42.  52. 130.   1.],[300. 544. 256.  91.  47.   8.   2.   4.   0.   1.],[280. 138.  95.  77.  49.  15.   7.   6.   1.   1.],[ 63. 158. 139.  60.  28.  37.  13.   3.   0.   1.]
82,data\benchmark\db\0\m83\m83.off,83,2531.0,4999.0,0,"[-0.68987375 -0.39250618 -0.3506604   0.37586498 -0.39250618 -0.3506604
  0.37586498 -0.39250618  0.31885266 -0.68987375 -0.39250618  0.31885266
 -0.68987375  0.34963033 -0.3506604   0.37586498  0.34963033 -0.3506604
  0.37586498  0.34963033  0.31885266 -0.68987375  0.34963033  0.31885266]",quadruped,0.021172412879992688,1.3159814372841117,1.5918115377426147,5084.035576826085,0.5295336842536926,1.077368478103302,4.434344148644405,[107. 108. 122. 112.  83.  63.  36.  26.  17.   1.],[137. 197. 506. 601. 271. 111.  39.  61. 100.   1.],"[1.087e+03 1.300e+02 3.400e+01 1.100e+01 2.000e+00 0.000e+00 0.000e+00
 0.000e+00 0.000e+00 1.000e+00]",[347. 127.  74.  39.  38.  23.  13.  11.   2.   1.],[27. 76. 99. 93. 88. 57. 32. 24. 10.  1.]
83,data\benchmark\db\0\m84\m84.off,84,1855.0,3539.0,0,"[-0.68360555 -0.02982928 -0.01895989  0.31596375 -0.02982928 -0.01895989
  0.31596375 -0.02982928  0.02653146 -0.68360555 -0.02982928  0.02653146
 -0.68360555  0.02537673 -0.01895989  0.31596375  0.02537673 -0.01895989
  0.31596375  0.02537673  0.02653146 -0.68360555  0.02537673  0.02653146]",quadruped,0.01,0.10345562727772495,21.972734451293945,11.072924911854587,0.002510314341634512,0.9995806110175859,15.661917795850059,[193.  57.  48.  41.  27.  23.  25.  29.  51.   1.],[ 63.  33.  87. 883.  34.  21.  31.   9. 322.   1.],[911.  11.   0.   0.   0.   0.   0.   1.   3.   1.],[220.  92.  58.  45.  33.  19.  11.  10.   6.   1.],[26. 43. 46. 67. 64. 56. 38. 19. 11.  1.]
84,data\benchmark\db\0\m85\m85.off,85,2553.0,4999.0,0,"[-0.4204451  -0.2742491  -0.32134366  0.6018891  -0.2742491  -0.32134366
  0.6018891  -0.2742491   0.21146175 -0.4204451  -0.2742491   0.21146175
 -0.4204451   0.23647171 -0.32134366  0.6018891   0.23647171 -0.32134366
  0.6018891   0.23647171  0.21146175 -0.4204451   0.23647171  0.21146175]",quadruped,0.01,0.6041415906238831,2.0017476081848145,2205.038639047696,0.27819231152534485,1.0433574916652486,4.364923404094747,[138. 112. 118. 107.  78.  53.  30.  29.  15.   1.],[ 84. 220. 250. 679. 215. 122. 236.  89. 146.   1.],"[1.027e+03 1.500e+01 2.100e+01 1.300e+02 1.000e+01 0.000e+00 5.900e+01
 0.000e+00 1.300e+01 1.000e+00]",[346. 161.  70.  39.  29.  12.  10.  11.   2.   1.],[ 34.  77. 101. 106.  76.  44.  38.  22.  12.   1.]
85,data\benchmark\db\0\m86\m86.off,86,2611.0,4999.0,0,"[-0.41171354 -0.47204775 -0.08548316  0.4399957  -0.47204775 -0.08548316
  0.4399957  -0.47204775  0.08829518 -0.41171354 -0.47204775  0.08829518
 -0.41171354  0.31673044 -0.08548316  0.4399957   0.31673044 -0.08548316
  0.4399957   0.31673044  0.08829518 -0.41171354  0.31673044  0.08829518]",quadruped,0.01,0.5298494987116815,4.901124954223633,1487.5020857543914,0.1167459562420845,1.0000045166585638,6.442752195233534,[141. 141. 107.  71.  69.  62.  43.  39.  22.   1.],[237. 281. 195. 366. 393. 542.  29.  24.  20.   1.],"[1.165e+03 9.800e+01 2.700e+01 9.000e+00 4.000e+00 1.000e+00 0.000e+00
 0.000e+00 0.000e+00 1.000e+00]",[379. 157.  65.  40.  23.  16.   8.   6.   2.   1.],[ 19.  47. 114. 116.  97.  71.  40.  14.   4.   1.]
86,data\benchmark\db\0\m87\m87.off,87,2535.0,4999.0,0,"[-0.67999685 -0.566322   -0.13598633  0.439421   -0.566322   -0.13598633
  0.439421   -0.566322    0.15690586 -0.67999685 -0.566322    0.15690586
 -0.67999685  0.4926517  -0.13598633  0.439421    0.4926517  -0.13598633
  0.439421    0.4926517   0.15690586 -0.67999685  0.4926517   0.15690586]",quadruped,0.045693833618089395,1.0069043804499813,3.8219451904296875,488.93316683687885,0.34720441699028015,1.2073272517467422,8.71821869951504,[134. 129. 108.  98.  73.  44.  41.  35.  13.   1.],[201. 246. 320. 349. 390. 226. 173.  59.  63.   1.],"[1.144e+03 8.300e+01 1.400e+01 7.000e+00 4.000e+00 4.000e+00 5.000e+00
 3.000e+00 2.000e+00 1.000e+00]",[352. 145.  74.  45.  20.  25.  10.   4.   0.   1.],[ 36.  69. 102. 124.  85.  50.  29.   9.   2.   1.]
87,data\benchmark\db\0\m88\m88.off,88,2508.0,4999.0,0,"[-0.567689   -0.33592957 -0.11518873  0.3930117  -0.33592957 -0.11518873
  0.3930117  -0.33592957  0.11629169 -0.567689   -0.33592957  0.11629169
 -0.567689    0.35404086 -0.11518873  0.3930117   0.35404086 -0.11518873
  0.3930117   0.35404086  0.11629169 -0.567689    0.35404086  0.11629169]",quadruped,0.020617664136976358,0.6811193979191095,4.1502461433410645,743.3456862300666,0.15343797206878662,1.0241655829642988,7.923128876247327,[148. 124. 112.  85.  72.  48.  42.  25.  12.   1.],[285. 201. 205. 570. 444. 216.  37.  19.  28.   1.],[977.  95.  58.  42.  32.  23.   9.  10.   7.   1.],[356. 143.  70.  39.  25.  21.   8.   2.   4.   1.],[27. 58. 77. 97. 97. 62. 50. 27.  6.  1.]
88,data\benchmark\db\0\m89\m89.off,89,2504.0,4998.0,0,"[-0.62204754 -0.43588108 -0.17711279  0.5849456  -0.43588108 -0.17711279
  0.5849456  -0.43588108  0.18107875 -0.62204754 -0.43588108  0.18107875
 -0.62204754  0.40315986 -0.17711279  0.5849456   0.40315986 -0.17711279
  0.5849456   0.40315986  0.18107875 -0.62204754  0.40315986  0.18107875]",quadruped,0.04256639757477526,1.186018713940166,3.3696861267089844,920.7480993192728,0.36274653673171997,1.2139076603015664,12.32522019671757,[131. 138. 111.  74.  75.  55.  47.  22.  14.   1.],[ 63. 195. 305. 182. 206. 348. 290. 240. 173.   1.],[381. 220. 163. 128.  55.  52. 141.  92.  19.   1.],[300. 139.  95.  52.  38.  22.  12.   7.   2.   1.],[ 16.  56.  92. 103.  92.  65.  43.  26.   7.   1.]
89,data\benchmark\db\0\m9\m9.off,9,2636.0,5000.0,0,"[-0.29767573 -0.20670873 -0.3433769   0.57070535 -0.20670873 -0.3433769
  0.57070535 -0.20670873  0.58623046 -0.29767573 -0.20670873  0.58623046
 -0.29767573  0.40574723 -0.3433769   0.57070535  0.40574723 -0.3433769
  0.57070535  0.40574723  0.58623046 -0.29767573  0.40574723  0.58623046]",quadruped,0.037356098341546504,0.586408113997854,1.5178354978561401,144.50300970770357,0.49440717697143555,0.9999999373312696,5.5356059854971145,[135. 152. 106.  72.  74.  55.  58.  27.  23.   1.],[255. 320. 453. 561. 266.  42.  52.  76.  82.   1.],"[1.222e+03 5.500e+01 1.600e+01 1.300e+01 6.000e+00 4.000e+00 0.000e+00
 1.000e+00 0.000e+00 1.000e+00]",[405. 130.  75.  33.  22.  21.   7.   7.   2.   1.],[ 42. 108. 109. 110.  69.  46.  27.  12.   4.   1.]
90,data\benchmark\db\0\m90\m90.off,90,2516.0,4999.0,0,"[-0.4927386  -0.3166353  -0.2550305   0.51918405 -0.3166353  -0.2550305
  0.51918405 -0.3166353   0.22967932 -0.4927386  -0.3166353   0.22967932
 -0.4927386   0.39601535 -0.2550305   0.51918405  0.39601535 -0.2550305
  0.51918405  0.39601535  0.22967932 -0.4927386   0.39601535  0.22967932]",quadruped,0.06262322260327843,1.275209182194821,2.0876874923706055,528.7781099576931,0.3495471775531769,1.037547909574701,5.470706526686631,[ 80. 144. 138. 103.  67.  49.  48.  25.  16.   1.],[ 43.  85. 171. 263. 244. 307. 248. 481. 169.   1.],"[1.17e+03 5.60e+01 7.00e+00 6.00e+00 9.00e+00 3.00e+00 3.00e+00 0.00e+00
 3.00e+00 1.00e+00]",[265. 140.  90.  69.  28.  40.  20.  11.   7.   1.],[ 13.  44.  70.  95. 110.  81.  42.  40.   8.   1.]
91,data\benchmark\db\0\m91\m91.off,91,2526.0,4999.0,0,"[-0.591349   -0.5215528  -0.18707164  0.528183   -0.5215528  -0.18707164
  0.528183   -0.5215528   0.16783834 -0.591349   -0.5215528   0.16783834
 -0.591349    0.38423315 -0.18707164  0.528183    0.38423315 -0.18707164
  0.528183    0.38423315  0.16783834 -0.591349    0.38423315  0.16783834]",quadruped,0.030581084067718152,0.9180199715907457,3.1544113159179688,827.2763994739606,0.3598986864089966,1.156745646174289,13.59003882733449,[122. 125. 113.  85.  83.  56.  44.  37.   8.   1.],[110. 224. 120. 107. 209. 301. 338. 322. 288.   1.],"[1.145e+03 8.400e+01 2.500e+01 3.000e+00 1.000e+00 1.000e+00 2.000e+00
 0.000e+00 1.000e+00 1.000e+00]",[264. 136.  96.  65.  36.  22.  28.  17.   9.   1.],[ 25.  65.  94. 105.  83.  64.  37.  22.  10.   1.]
92,data\benchmark\db\0\m92\m92.off,92,2522.0,4998.0,0,"[-0.5920965  -0.43801486 -0.16500457  0.58765495 -0.43801486 -0.16500457
  0.58765495 -0.43801486  0.16183536 -0.5920965  -0.43801486  0.16183536
 -0.5920965   0.4074707  -0.16500457  0.58765495  0.4074707  -0.16500457
  0.58765495  0.4074707   0.16183536 -0.5920965   0.4074707   0.16183536]",quadruped,0.030475477590879946,0.9580781524179367,3.6095693111419678,946.8948834558349,0.32601067423820496,1.2012442444343994,13.041374408880218,[124. 131. 119.  85.  69.  62.  42.  26.  14.   1.],[ 30.  86. 170. 216. 189. 333. 289. 345. 358.   1.],"[1.185e+03 4.400e+01 1.200e+01 8.000e+00 5.000e+00 4.000e+00 2.000e+00
 0.000e+00 0.000e+00 1.000e+00]",[275. 139. 100.  61.  34.  29.  15.  16.   3.   1.],[30. 75. 97. 91. 76. 57. 51. 21.  6.  1.]
93,data\benchmark\db\0\m93\m93.off,93,2546.0,5000.0,0,"[-0.54623914 -0.39523694 -0.13915683  0.51478046 -0.39523694 -0.13915683
  0.51478046 -0.39523694  0.15195172 -0.54623914 -0.39523694  0.15195172
 -0.54623914  0.30899286 -0.13915683  0.51478046  0.30899286 -0.13915683
  0.51478046  0.30899286  0.15195172 -0.54623914  0.30899286  0.15195172]",quadruped,0.047791160271069215,1.9662588077163532,3.6447560787200928,3328.333944463022,0.21751679480075836,1.0619478651051637,9.095461543640255,[138. 145. 100.  63.  64.  62.  32.  45.  29.   1.],[ 80. 210. 267. 247. 230. 307. 334. 287.  73.   1.],"[1.092e+03 1.120e+02 4.400e+01 1.200e+01 5.000e+00 2.000e+00 3.000e+00
 2.000e+00 0.000e+00 1.000e+00]",[301. 137.  97.  54.  39.  18.  14.  14.   4.   1.],[ 20.  56.  79. 110. 105.  68.  41.  22.   8.   1.]
94,data\benchmark\db\0\m94\m94.off,94,2646.0,4999.0,0,"[-0.5472214  -0.20234326 -0.09272009  0.28624344 -0.20234326 -0.09272009
  0.28624344 -0.20234326  0.09471142 -0.5472214  -0.20234326  0.09471142
 -0.5472214   0.38489997 -0.09272009  0.28624344  0.38489997 -0.09272009
  0.28624344  0.38489997  0.09471142 -0.5472214   0.38489997  0.09471142]",quadruped,6.017114519665506e+23,1.1784009185783349e+17,4.446770191192627,4519.627710604406,0.09173771739006042,0.9072382835160078,6.443597091225808,[142. 118. 100.  86. 107.  69.  52.  18.  13.   1.],[ 71. 198. 735. 671.  32. 127. 249.  10.  22.   1.],"[1.277e+03 3.000e+01 0.000e+00 8.000e+00 1.000e+00 2.000e+00 0.000e+00
 2.000e+00 2.000e+00 1.000e+00]",[473.  70.  21.  34.  57.  30.  10.   5.   5.   1.],[ 50.  89. 127.  89.  81.  41.  28.  21.   3.   1.]
95,data\benchmark\db\0\m95\m95.off,95,2502.0,5000.0,0,"[-0.5787415  -0.23914285 -0.12145064  0.4450506  -0.23914285 -0.12145064
  0.4450506  -0.23914285  0.12057495 -0.5787415  -0.23914285  0.12057495
 -0.5787415   0.24639969 -0.12145064  0.4450506   0.24639969 -0.12145064
  0.4450506   0.24639969  0.12057495 -0.5787415   0.24639969  0.12057495]",quadruped,0.017508221234969683,0.6465485545723277,4.230098247528076,881.6970422538229,0.12030960619449615,1.0239369025862732,7.9071673362917965,[144. 124.  89.  89.  63.  69.  49.  33.   6.   1.],[110. 218. 334. 281. 376. 384. 226.  25.  46.   1.],"[1.106e+03 9.700e+01 3.100e+01 4.000e+00 5.000e+00 3.000e+00 2.000e+00
 2.000e+00 0.000e+00 1.000e+00]",[283. 131.  65.  71.  51.  29.  20.   8.   9.   1.],[ 18.  51.  78. 108. 101.  63.  54.  22.   5.   1.]
96,data\benchmark\db\0\m96\m96.off,96,2555.0,5000.0,0,"[-0.62672436 -0.2968756  -0.13045803  0.42667043 -0.2968756  -0.13045803
  0.42667043 -0.2968756   0.1299636  -0.62672436 -0.2968756   0.1299636
 -0.62672436  0.3196777  -0.13045803  0.42667043  0.3196777  -0.13045803
  0.42667043  0.3196777   0.1299636  -0.62672436  0.3196777   0.1299636 ]",quadruped,0.02276226598820268,0.755188439709095,4.04495906829834,831.256418597299,0.16913709044456482,1.0535293998110162,10.22198509071215,[128. 138. 119.  88.  72.  51.  37.  32.  16.   1.],[ 41.  90. 140. 327. 402. 603. 377.  13.  50.   1.],"[1.208e+03 4.400e+01 5.000e+00 6.000e+00 5.000e+00 5.000e+00 0.000e+00
 1.000e+00 2.000e+00 1.000e+00]",[287.  96.  91.  67.  42.  54.  20.  17.   7.   1.],[ 25.  58. 100. 103.  84.  75.  49.  14.   2.   1.]
97,data\benchmark\db\0\m97\m97.off,97,2564.0,5000.0,0,"[-0.6225009  -0.31030804 -0.13439545  0.43410927 -0.31030804 -0.13439545
  0.43410927 -0.31030804  0.13442244 -0.6225009  -0.31030804  0.13442244
 -0.6225009   0.33246088 -0.13439545  0.43410927  0.33246088 -0.13439545
  0.43410927  0.33246088  0.13442244 -0.6225009   0.33246088  0.13442244]",quadruped,0.021098563643435122,0.7399122352958185,3.930579423904419,909.9862839989466,0.18256932497024536,1.0567914077684564,10.069442816499063,[136. 122. 106.  91.  95.  73.  34.  20.   6.   1.],[ 40.  90. 136. 326. 372. 572. 446.  15.  53.   1.],"[1.218e+03 4.100e+01 9.000e+00 5.000e+00 2.000e+00 3.000e+00 2.000e+00
 1.000e+00 0.000e+00 1.000e+00]",[284. 108.  80.  63.  60.  41.  23.  19.   5.   1.],[ 16.  45.  81. 108.  78.  71.  56.  32.  25.   1.]
98,data\benchmark\db\0\m98\m98.off,98,2535.0,5000.0,0,"[-0.6107169  -0.29280648 -0.13423178  0.44558412 -0.29280648 -0.13423178
  0.44558412 -0.29280648  0.13379751 -0.6107169  -0.29280648  0.13379751
 -0.6107169   0.3195727  -0.13423178  0.44558412  0.3195727  -0.13423178
  0.44558412  0.3195727   0.13379751 -0.6107169   0.3195727   0.13379751]",quadruped,0.024597596109692917,0.7723216442091927,3.940991163253784,761.393711985163,0.17337653040885925,1.056340369021048,9.696087601383466,[122. 116. 138.  77.  94.  54.  42.  23.   9.   1.],[ 33.  69. 187. 319. 349. 436. 569.  17.  48.   1.],"[1.148e+03 8.500e+01 1.600e+01 3.000e+00 6.000e+00 2.000e+00 0.000e+00
 4.000e+00 2.000e+00 1.000e+00]",[283. 115.  80.  76.  37.  43.  25.  13.   3.   1.],[15. 48. 86. 88. 94. 73. 57. 39.  6.  1.]
99,data\benchmark\db\0\m99\m99.off,99,2506.0,4999.0,0,"[-0.47085834 -0.26686633 -0.15720458  0.5190048  -0.26686633 -0.15720458
  0.5190048  -0.26686633  0.16733284 -0.47085834 -0.26686633  0.16733284
 -0.47085834  0.28046116 -0.15720458  0.5190048   0.28046116 -0.15720458
  0.5190048   0.28046116  0.16733284 -0.47085834  0.28046116  0.16733284]",quadruped,0.04383527751697236,1.0180009578528735,3.0500738620758057,549.03121793702,0.17582766711711884,1.0335825621051211,11.47392630509272,[135. 126.  87.  83.  91.  60.  49.  26.  10.   1.],[ 72. 144. 199. 182. 166. 211. 278. 507. 244.   1.],"[1.08e+03 9.30e+01 2.30e+01 2.40e+01 1.10e+01 1.10e+01 5.00e+00 5.00e+00
 0.00e+00 1.00e+00]",[285. 153.  97.  57.  40.  13.  15.   6.   2.   1.],[ 14.  45.  82.  90. 104.  76.  50.  29.  11.   1.]
